Date,INDIA,ANDAMAN&NICOBARISLANDS,ANDHRAPRADESH,ARUNACHALPRADESH,ASSAM,BIHAR,CHANDIGARH,CHHATTISGARH,DADRA&NAGARHAVELI,DAMAN&DIU,DELHINCT,GOA,GUJARAT,HARYANA,HIMACHALPRADESH,JAMMUANDKASHMIR,JHARKHAND,KARNATAKA,KERALA,LADAKH,LAKSHADWEEP,MADHYAPRADESH,MAHARASHTRA,MANIPUR,MEGHALAYA,MIZORAM,NAGALAND,ODISHA,PUDUCHERRY,PUNJAB,RAJASTHAN,SIKKIM,TAMILNADU,TELANGANA,TRIPURA,UTTARPRADESH,UTTARAKHAND,WESTBENGAL
14 Mar 20,81,0,1,0,0,0,0,0,0,0,7,0,0,14,0,2,0,6,19,0,0,0,14,0,0,0,0,0,0,1,3,0,1,1,0,12,0,0
15 Mar 20,27,0,0,0,0,0,0,0,0,0,0,0,0,0,0,0,0,0,5,0,0,0,18,0,0,0,0,0,0,0,1,0,0,2,0,1,0,0
16 Mar 20,15,0,0,0,0,0,0,0,0,0,0,0,0,0,0,1,0,1,3,0,0,0,6,0,0,0,0,1,1,0,0,0,0,1,0,0,1,0
17 Mar 20,11,0,0,0,0,0,0,0,0,0,1,0,0,1,0,0,0,2,0,0,0,0,3,0,0,0,0,0,0,0,0,0,0,1,0,2,0,1
18 Mar 20,37,0,0,0,0,0,0,0,0,0,2,0,0,1,0,1,0,5,0,8,0,0,3,0,0,0,0,1,0,1,3,0,1,8,0,2,1,0
19 Mar 20,27,0,2,0,0,0,1,1,0,0,4,0,2,1,0,0,0,1,1,0,0,0,4,0,0,0,0,0,0,0,2,0,1,3,0,3,1,0
20 Mar 20,58,0,0,0,0,0,4,0,0,0,6,0,5,2,2,0,0,0,12,2,0,4,4,0,0,0,0,0,0,1,8,0,0,3,0,4,0,1
21 Mar 20,78,0,2,0,0,0,0,0,0,0,7,0,7,2,0,0,0,5,12,3,0,0,12,0,0,0,0,0,0,10,7,0,3,2,0,4,0,2
22 Mar 20,67,0,1,0,0,2,1,0,0,0,0,0,4,0,0,0,0,6,15,0,0,2,10,0,0,0,0,0,0,8,4,0,3,6,0,2,0,3
23 Mar 20,102,0,1,0,0,1,1,0,0,0,3,0,12,7,1,0,0,7,28,0,0,0,23,0,0,0,0,0,0,2,4,0,3,6,0,2,1,0
24 Mar 20,64,0,1,0,0,0,0,0,0,0,0,0,4,2,0,2,0,8,14,0,0,1,10,1,0,0,0,0,0,6,0,0,6,4,0,3,0,2
25 Mar 20,90,0,2,0,0,1,0,2,0,0,5,3,4,1,0,5,0,10,9,0,0,8,15,0,0,1,0,0,0,2,6,0,8,4,0,3,1,0
26 Mar 20,65,1,1,0,0,3,0,3,0,0,1,0,5,1,0,3,0,4,19,0,0,5,3,0,0,0,0,1,0,2,2,0,3,3,0,4,0,1
27 Mar 20,164,5,2,0,0,2,1,0,0,0,4,0,4,1,0,6,0,9,39,0,0,9,31,0,0,0,0,0,0,5,10,0,9,15,0,7,0,5
28 Mar 20,143,3,6,0,0,2,0,1,0,0,9,0,8,2,0,13,0,17,6,0,0,10,30,0,0,0,0,0,0,0,4,0,4,8,0,16,1,3
29 Mar 20,110,0,2,0,0,4,0,0,0,0,23,2,8,0,0,5,0,2,20,0,0,0,17,0,0,0,0,0,0,0,5,0,8,3,0,7,1,3
30 Mar 20,187,1,2,0,0,0,5,1,0,0,25,0,7,1,0,11,0,5,32,0,0,8,17,0,0,0,0,0,0,3,20,0,17,7,0,24,0,1
31 Mar 20,309,0,21,0,1,6,2,1,0,0,23,0,4,7,0,6,1,13,7,0,0,19,82,0,0,0,0,1,0,1,14,0,57,20,0,8,0,15
1 Apr 20,424,0,67,0,15,3,2,0,0,0,32,0,13,0,0,7,0,9,24,0,0,32,33,0,0,0,0,1,2,4,27,0,110,30,0,13,0,0
2 Apr 20,486,0,38,1,0,5,1,0,0,0,141,0,1,6,3,8,1,14,21,0,0,9,88,1,0,0,0,0,2,1,13,0,75,27,0,11,3,16
3 Apr 20,560,0,15,0,7,2,0,0,0,0,93,1,7,9,0,5,0,4,9,1,0,47,64,0,0,0,0,15,0,6,46,0,102,75,0,46,6,0
4 Apr 20,579,0,28,0,3,1,0,1,0,0,59,1,13,26,7,17,0,16,11,0,0,25,148,0,0,0,0,1,0,12,27,0,74,43,0,60,6,0
5 Apr 20,609,0,64,0,0,0,0,0,0,0,58,0,20,6,1,14,1,7,8,0,0,14,112,0,0,0,0,18,0,3,60,0,86,62,0,44,4,27
6 Apr 20,484,0,47,0,0,0,0,0,0,0,22,0,18,20,4,3,1,12,13,0,0,63,121,0,0,0,0,1,0,11,35,0,50,30,1,27,5,0
7 Apr 20,572,0,11,0,2,6,0,0,0,0,51,0,29,33,9,16,0,12,9,0,0,34,150,0,0,0,0,2,0,20,42,0,69,40,0,27,0,11
8 Apr 20,565,1,34,0,0,1,0,0,0,0,93,0,11,24,0,33,0,6,9,0,0,51,117,0,0,0,0,0,0,7,40,0,48,49,0,29,4,8
9 Apr 20,813,0,15,0,1,19,0,8,0,0,51,0,76,3,1,26,9,16,12,0,0,70,229,0,0,0,0,6,0,24,80,0,96,18,0,49,0,4
10 Apr 20,871,0,18,0,0,2,1,0,0,0,183,0,116,6,0,23,1,10,7,1,0,40,210,0,0,0,0,2,2,21,98,0,77,16,1,23,0,13
11 Apr 20,854,0,24,0,0,4,0,7,0,0,166,0,90,3,4,17,3,8,10,0,0,78,187,0,0,0,0,4,0,7,139,0,58,16,0,19,0,10
12 Apr 20,758,0,15,0,1,0,2,6,0,0,85,0,48,16,0,21,2,17,2,0,0,33,221,0,0,0,0,0,0,12,104,0,106,28,0,31,0,8
13 Apr 20,1243,0,19,0,2,2,0,0,0,0,356,0,56,1,0,25,5,15,3,2,0,52,352,0,1,0,0,1,0,6,93,0,98,61,0,75,0,18
14 Apr 20,1031,0,45,0,1,0,0,2,0,0,51,0,78,2,1,8,3,13,8,0,0,127,346,0,0,0,0,5,0,8,108,0,31,52,0,102,2,38
15 Apr 20,886,0,41,0,0,6,0,0,0,0,17,0,116,6,2,22,1,19,1,1,0,197,236,0,6,0,0,0,0,2,71,0,38,6,0,75,0,23
16 Apr 20,1061,0,9,0,2,11,0,3,0,0,62,0,163,11,0,14,1,36,7,0,0,226,285,0,2,0,0,0,0,11,55,0,25,50,0,70,0,18
17 Apr 20,922,1,38,0,0,2,0,0,0,0,67,0,170,8,3,14,3,44,1,0,0,146,120,0,0,0,0,0,0,14,98,0,56,66,0,44,3,24
18 Apr 20,1371,2,31,0,0,1,2,0,0,0,186,0,277,9,1,13,1,25,4,0,0,92,327,0,2,0,0,1,0,23,122,0,49,43,0,126,2,32
19 Apr 20,1580,1,44,0,0,10,3,0,0,0,110,0,367,18,0,13,8,6,2,0,0,5,552,0,0,0,0,0,0,10,127,0,105,49,0,125,2,23
20 Apr 20,1239,1,75,0,0,17,0,0,0,0,78,0,196,1,0,14,5,18,6,0,0,78,466,0,0,0,0,13,0,1,98,0,43,14,0,84,2,29
21 Apr 20,1537,1,35,0,0,13,1,0,0,0,75,0,239,4,0,12,0,10,19,0,0,67,552,0,1,0,0,5,0,6,159,0,76,56,0,153,0,53
22 Apr 20,1292,1,56,0,0,17,0,0,0,0,92,0,229,9,0,27,0,9,11,0,0,35,431,0,0,0,0,4,0,27,153,0,33,15,0,112,0,31
23 Apr 20,1667,4,80,0,1,27,0,0,0,0,128,0,217,6,1,27,7,18,10,0,0,100,778,0,0,0,0,6,0,5,76,0,54,27,0,61,1,33
24 Apr 20,1408,7,62,0,0,53,0,0,0,0,138,0,191,5,0,20,6,29,3,0,0,159,390,0,0,0,0,5,0,15,70,0,72,13,0,111,1,58
25 Apr 20,1835,4,61,0,0,28,1,1,0,0,111,0,256,12,0,40,8,26,7,2,0,99,811,0,0,0,0,6,1,10,49,0,66,7,0,172,0,57
26 Apr 20,1607,0,81,0,0,26,8,0,0,0,293,0,230,9,0,29,15,3,11,0,0,145,440,0,0,0,0,3,0,14,102,0,64,11,0,80,3,40
27 Apr 20,1568,0,80,0,0,69,9,0,0,0,190,0,247,5,0,23,21,9,13,0,0,75,522,0,0,0,0,15,0,8,77,0,52,2,0,113,0,38
28 Apr 20,1902,0,82,0,2,20,11,1,0,0,206,0,226,7,0,19,2,11,4,2,0,222,728,0,0,0,0,0,0,12,102,0,121,6,0,67,3,48
29 Apr 20,1705,0,73,0,0,37,12,0,0,0,125,0,308,3,0,16,2,12,10,0,0,173,597,0,0,0,0,7,0,33,76,0,104,7,0,81,1,28
30 Apr 20,1802,0,71,0,5,22,6,2,0,0,76,0,313,28,0,33,3,30,2,0,0,65,583,0,0,0,0,18,0,105,144,0,161,22,1,77,2,33
1 May 20,2396,0,60,0,0,41,14,3,0,0,223,0,326,18,0,25,3,24,0,0,0,90,1008,0,0,0,0,11,0,105,82,0,203,6,0,117,0,37
2 May 20,2564,0,62,0,0,15,6,0,0,0,384,0,333,19,0,27,2,12,2,1,0,73,790,0,0,0,0,6,1,187,106,0,231,17,2,159,2,127
3 May 20,2952,0,58,0,0,36,3,14,0,0,427,0,374,66,0,35,0,13,0,19,0,49,678,0,0,0,0,2,0,330,114,0,266,21,12,158,1,276
4 May 20,3656,0,67,0,0,11,5,1,0,0,349,0,376,75,1,25,0,37,0,0,0,105,1567,0,0,0,0,7,0,130,175,0,527,3,13,121,0,61
5 May 20,2971,0,67,0,2,7,17,1,1,0,206,0,441,31,1,15,10,22,3,0,0,107,984,0,0,0,0,8,0,219,97,0,508,11,13,114,1,85
6 May 20,3602,0,60,0,1,7,5,0,0,0,428,0,380,46,1,34,2,20,0,0,0,89,1233,0,0,0,0,28,0,75,159,0,771,11,22,118,0,112
7 May 20,3344,0,56,0,8,8,11,0,0,0,448,0,388,31,3,18,5,12,0,0,0,114,1216,0,0,0,0,14,0,118,110,0,580,15,24,73,0,92
8 May 20,3339,0,54,0,6,29,11,0,0,0,338,0,390,22,4,30,22,48,1,0,0,89,1089,0,0,0,0,51,1,87,152,0,600,10,30,143,2,130
9 May 20,3175,0,43,0,2,32,23,0,0,0,224,0,394,28,2,13,2,41,2,0,0,116,1165,0,1,0,0,82,0,31,129,0,526,31,17,159,4,108
10 May 20,4311,0,50,0,1,96,4,0,0,0,381,0,398,28,6,25,1,54,7,0,0,157,1943,0,0,0,0,25,2,61,106,0,669,33,16,94,1,153
11 May 20,3592,0,38,0,2,42,8,0,0,0,310,0,347,27,1,18,4,14,7,0,0,171,1230,0,0,0,0,38,0,54,174,0,798,79,0,106,0,124
12 May 20,3562,0,71,0,0,130,6,0,0,0,406,0,362,50,8,55,11,63,5,0,0,201,1026,0,0,0,0,22,0,37,138,0,716,51,2,91,1,110
13 May 20,3726,0,48,0,15,74,4,0,0,0,359,0,364,13,1,37,5,34,10,1,0,187,1495,0,0,0,0,101,1,10,202,0,509,41,1,94,3,117
14 May 20,3991,0,68,0,7,46,0,1,0,0,472,8,324,25,6,12,26,28,26,0,0,253,1602,1,0,0,0,134,3,11,206,0,447,47,1,144,6,87
15 May 20,3808,0,102,0,3,34,0,6,0,0,425,0,340,36,2,30,8,69,16,0,0,169,1576,0,0,0,0,65,0,-3,213,0,434,40,0,155,4,84
16 May 20,4794,0,48,0,3,145,0,1,0,0,438,5,1057,33,2,108,6,36,11,0,0,195,1606,4,0,0,0,0,1,14,213,0,477,55,11,201,9,115
17 May 20,5049,0,25,0,8,142,0,18,0,0,422,9,391,23,2,62,6,55,14,0,0,187,2347,0,0,0,0,91,0,18,242,0,639,42,-2,206,1,101
18 May 20,4628,0,52,0,15,103,5,10,0,0,299,9,366,18,10,106,5,99,29,0,0,259,2005,0,0,0,0,48,0,16,305,0,536,41,0,141,4,147
19 May 20,6154,0,57,0,42,96,3,5,0,0,500,8,395,36,2,28,20,149,12,0,0,229,2078,2,0,0,0,102,5,22,338,0,688,42,8,321,15,137
20 May 20,5720,0,71,0,31,257,3,14,0,0,534,4,398,29,18,73,42,67,24,1,0,270,2161,16,1,0,0,74,1,3,170,0,743,27,0,249,15,142
21 May 20,6023,0,45,0,22,211,16,14,0,0,571,2,371,37,42,59,13,143,24,0,0,246,2345,0,0,0,0,51,0,23,212,0,776,38,2,340,19,94
22 May 20,6536,0,62,0,15,179,1,44,0,0,660,2,363,37,16,40,20,138,42,2,0,189,2940,1,0,0,0,86,3,1,267,0,786,62,0,220,8,135
23 May 20,6663,0,47,0,121,228,6,42,1,0,591,1,396,64,17,80,27,216,62,3,0,201,2608,3,0,0,0,80,0,16,248,1,759,52,16,282,91,127
24 May 20,7111,0,66,1,46,180,37,38,0,0,508,11,394,53,18,52,20,130,53,3,0,294,3041,3,0,0,0,67,15,15,286,0,765,41,3,251,73,208
25 May 20,6414,0,106,0,156,163,4,40,0,0,635,1,405,29,20,47,35,93,49,1,0,194,2436,4,1,0,3,102,8,21,272,0,805,66,4,229,32,149
26 May 20,5907,0,97,0,134,231,12,68,0,0,412,0,361,92,24,91,21,101,67,0,0,165,2091,3,5,0,1,79,0,25,236,0,646,112,34,227,51,193
27 May 20,7246,0,134,0,101,68,1,4,0,0,792,1,376,76,26,162,7,135,40,1,0,237,2190,5,0,0,5,76,0,33,280,0,817,107,10,267,69,183
28 May 20,7254,0,128,1,97,149,10,34,0,0,1024,1,367,123,8,115,6,115,85,20,0,192,2598,11,1,0,9,67,4,19,251,0,827,117,2,179,31,344
29 May 20,8138,0,85,0,177,174,0,17,0,0,1105,0,372,217,14,128,82,248,62,0,0,192,2682,4,6,0,7,63,4,39,298,0,874,169,10,275,216,277
30 May 20,8364,0,131,1,159,206,0,32,0,0,1163,1,412,202,18,177,73,141,58,3,0,246,2940,1,0,0,11,96,0,36,252,0,938,74,17,256,33,317
31 May 20,8789,0,110,0,123,242,4,51,0,0,1295,1,438,168,18,105,41,299,61,0,0,198,2487,11,0,0,7,129,13,30,214,0,1149,199,45,374,158,371
1 Jun 20,7723,0,105,18,146,138,4,49,1,0,990,2,423,265,9,155,26,187,57,0,0,194,2358,12,1,0,0,156,9,38,269,0,1162,94,107,286,52,271
2 Jun 20,8812,0,115,2,74,151,4,15,0,0,1298,6,415,296,5,117,61,388,86,4,0,137,2287,6,2,12,6,141,0,41,273,0,1091,99,48,368,84,396
3 Jun 20,9689,0,180,10,271,230,0,64,8,0,1513,47,485,302,14,139,42,267,82,9,0,168,2560,19,3,1,9,143,11,34,279,1,1286,129,151,141,42,340
4 Jun 20,9847,0,141,5,285,126,1,147,3,0,1359,40,492,327,24,285,63,257,94,4,0,174,2933,16,0,3,22,90,9,39,210,0,1384,127,24,367,68,368
5 Jun 20,9472,0,138,4,128,146,7,90,0,0,1330,30,510,316,10,182,95,515,111,3,0,234,2436,8,0,7,27,130,5,46,222,1,1438,143,48,496,62,427
6 Jun 20,10408,0,210,2,230,233,3,60,5,0,1320,71,498,355,7,143,106,378,108,2,0,232,2739,25,0,0,0,173,3,54,253,4,1458,206,55,370,88,435
7 Jun 20,10882,0,199,3,208,239,2,150,1,0,1282,33,480,496,11,620,75,239,107,4,0,173,3007,15,3,10,9,75,12,93,262,0,1515,154,53,433,52,449
8 Jun 20,8536,0,154,6,154,177,6,124,2,0,1007,30,477,406,10,198,187,308,91,0,0,237,2554,100,3,8,6,138,9,55,277,0,1562,92,38,411,56,426
9 Jun 20,9981,1,69,0,215,208,6,14,2,0,1366,29,470,355,16,61,126,161,91,5,0,211,2258,32,4,46,5,146,4,56,369,6,1685,178,26,388,126,372
10 Jun 20,11156,1,365,4,235,243,2,51,5,0,1501,28,510,370,14,161,135,120,65,7,0,200,3254,7,1,5,1,110,12,86,355,0,1927,191,31,275,25,343
11 Jun 20,11135,3,182,6,145,250,4,136,1,0,1877,30,513,389,19,67,48,204,83,20,0,192,3607,55,0,9,2,136,13,82,238,0,1875,209,25,478,93,440
12 Jun 20,11306,0,207,19,263,148,13,47,0,0,2137,46,495,366,16,156,57,271,78,104,0,202,3493,19,0,2,26,112,6,99,230,50,1982,164,41,528,69,476
13 Jun 20,12039,0,222,5,207,193,5,105,5,0,2134,60,517,415,16,148,55,308,85,198,0,198,3427,64,0,6,7,225,13,77,333,0,1989,253,83,502,61,454
14 Jun 20,11405,2,294,3,218,186,2,121,4,0,2224,41,511,459,16,163,52,176,54,112,0,161,3390,9,0,2,10,186,18,77,293,5,1974,237,33,497,34,389
15 Jun 20,10032,1,304,4,191,187,5,44,0,0,1647,28,514,514,38,179,30,213,82,6,0,133,2786,32,0,5,4,146,8,127,287,0,1843,219,10,476,26,407
16 Jun 20,11086,3,264,4,201,148,8,69,15,0,1859,37,524,550,4,78,46,317,79,94,0,148,2701,10,0,4,2,108,14,104,235,0,1515,213,1,507,97,415
17 Jun 20,13108,0,351,4,184,130,5,80,5,0,2414,27,520,560,25,108,57,204,75,38,0,161,3307,52,-1,0,14,175,29,126,326,2,2174,269,43,583,81,391
18 Jun 20,13829,1,425,0,209,100,4,82,4,0,2877,49,510,386,10,149,23,210,97,0,0,182,3752,54,0,9,0,174,26,118,315,0,2141,352,21,604,80,435
19 Jun 20,14638,2,465,32,0,250,7,72,14,0,3137,20,540,525,32,125,42,337,118,57,0,156,3827,75,0,0,5,165,16,217,299,0,2115,499,27,809,74,355
20 Jun 20,15918,0,491,0,249,213,23,116,17,0,3630,29,539,480,29,154,63,416,127,92,0,142,3874,96,0,10,3,179,51,120,381,0,2396,546,8,541,124,441
21 Jun 20,15151,1,477,4,332,162,2,121,5,0,3000,64,580,412,17,122,74,453,133,1,0,179,3870,64,0,1,10,304,28,122,393,8,2532,730,35,596,43,414
22 Jun 20,13560,0,443,9,267,228,5,47,15,0,2909,46,563,390,54,132,42,249,138,10,0,175,3721,57,2,1,69,143,17,161,302,0,2710,872,16,591,58,413
23 Jun 20,15656,2,462,10,203,157,7,83,9,0,3947,45,549,495,48,148,53,322,141,85,0,183,3214,23,1,0,50,167,19,162,395,1,2516,879,23,571,133,370
24 Jun 20,16868,6,497,2,226,223,2,34,13,0,3788,42,572,490,31,186,26,397,152,0,0,187,3889,49,0,3,17,282,59,230,382,4,2865,891,0,664,88,445
25 Jun 20,18205,2,553,12,364,215,3,37,20,0,3390,44,577,453,33,127,44,442,123,9,0,147,4842,86,0,0,8,210,41,142,287,2,3509,920,32,636,68,475
26 Jun 20,18255,14,605,2,273,190,2,89,15,0,3460,44,580,421,25,213,31,445,150,5,0,203,5024,19,2,2,16,218,32,188,364,2,3645,985,35,750,34,542
27 Jun 20,20142,0,796,3,246,302,3,65,15,0,2948,89,615,543,30,204,45,918,195,14,0,167,6368,17,0,3,16,170,85,99,284,0,3713,1087,9,606,66,521
28 Jun 20,19610,11,813,5,327,244,3,84,4,0,2889,70,624,402,22,127,25,1267,118,3,0,221,5493,93,2,1,28,264,29,160,327,1,3940,983,12,598,32,572
29 Jun 20,18339,7,793,5,302,394,3,101,15,0,2084,53,626,381,26,144,62,1105,122,1,0,184,5257,42,1,0,36,245,42,202,389,0,3949,975,34,681,8,624
30 Jun 20,18256,7,704,4,613,370,6,63,10,0,2199,64,620,338,11,260,64,947,131,9,0,223,4878,7,2,9,8,206,24,150,348,0,3943,945,8,664,50,652
1 Jul 20,19429,3,657,4,548,216,6,82,16,0,2442,72,675,393,26,198,35,1272,151,17,0,268,5537,26,2,0,42,251,25,100,304,1,3882,1018,8,564,66,611
2 Jul 20,21947,9,845,37,479,478,4,73,25,0,2373,95,681,568,35,154,60,1502,160,1,0,245,6328,19,3,2,34,229,63,116,350,12,4343,1213,39,769,37,649
3 Jul 20,22718,7,837,20,365,426,4,52,50,0,2520,94,687,494,19,170,112,1694,211,11,0,191,6364,37,4,0,4,561,22,153,390,1,4329,1892,93,972,64,669
4 Jul 20,24018,3,765,7,1202,349,5,96,37,0,2505,108,712,545,13,227,42,1839,240,3,0,307,7074,9,8,2,24,495,80,172,480,1,4280,1850,25,757,45,743
5 Jul 20,23942,6,998,10,735,403,7,46,32,0,2244,77,725,457,17,183,68,1925,225,0,0,326,6555,41,2,22,27,469,42,174,632,22,4150,1590,23,1153,31,895
6 Jul 20,22500,16,1322,1,786,280,21,98,27,0,1379,52,735,499,14,246,47,1843,193,0,0,354,5368,24,16,11,35,456,65,208,524,0,3827,1831,111,929,37,861
7 Jul 20,23147,6,1178,6,814,385,5,110,27,0,2008,90,778,495,6,256,164,1498,272,36,0,343,5134,40,6,1,19,571,32,258,716,2,3616,1879,24,1332,69,850
8 Jul 20,25561,2,1062,11,696,749,15,111,15,0,2033,136,783,691,18,330,116,2062,301,6,0,409,6603,5,6,5,13,527,110,158,659,6,3756,1924,57,1188,28,986
9 Jul 20,25790,7,1555,15,568,704,16,140,14,0,2187,112,861,674,39,240,134,2228,339,8,0,305,6875,15,13,0,16,577,49,233,500,1,4231,1410,16,1206,47,1088
10 Jul 20,27762,0,1608,33,936,352,13,166,14,0,2089,100,875,570,31,387,250,2313,416,9,0,316,7862,132,73,23,59,755,72,217,611,0,3680,1278,142,1338,68,1198
11 Jul 20,27757,0,1813,6,535,709,13,65,14,0,1781,117,872,648,11,268,145,2798,488,13,0,544,8139,11,76,1,16,570,65,230,574,26,3965,1178,31,1392,44,1344
12 Jul 20,29106,7,1933,19,735,1266,10,184,16,0,1573,85,879,658,31,357,97,2627,435,9,0,431,7827,16,33,4,26,595,81,234,644,4,4244,1269,105,1384,120,1560
13 Jul 20,28178,3,1935,27,1001,1116,29,184,25,0,1246,130,902,689,30,314,203,2738,449,7,0,575,6497,17,21,2,71,616,50,357,544,2,4328,1550,26,1654,71,1435
14 Jul 20,29917,5,1916,75,859,1432,12,114,16,0,1606,170,915,699,66,346,262,2496,608,35,0,798,6741,46,2,5,51,543,63,333,635,45,4526,1524,90,1594,78,1390
15 Jul 20,32607,5,2432,29,1088,1320,19,177,17,0,1647,198,925,678,32,493,337,3176,623,14,0,638,7975,28,19,0,6,618,65,288,866,11,4496,1597,98,1659,99,1589
16 Jul 20,35468,4,2593,52,892,1385,16,198,18,0,1652,157,919,696,36,490,221,4169,722,5,0,735,8641,64,40,34,14,494,147,295,737,13,4549,1676,98,2058,197,1690
17 Jul 20,34820,0,2602,66,1218,1742,25,249,32,0,1462,196,949,795,40,601,313,3693,791,4,0,704,8308,36,26,10,40,718,89,348,615,32,4538,1478,118,1722,120,1894
18 Jul 20,37411,4,3963,41,1117,1667,31,243,45,0,1475,180,960,750,40,441,289,4537,593,8,0,681,8348,91,15,2,22,591,58,350,711,19,4807,1284,171,1873,174,2198
19 Jul 20,40235,15,5041,90,1018,1412,26,161,37,0,1211,173,965,617,64,701,167,4120,821,19,0,837,9518,20,32,0,10,736,109,308,934,10,4979,1296,223,2211,239,2278
20 Jul 20,36806,4,4074,50,1093,1076,20,191,21,0,954,196,998,694,110,751,225,3648,794,17,0,710,8240,14,19,13,33,673,93,410,956,22,4985,1198,202,1913,127,2282
21 Jul 20,39170,5,4944,68,1680,1109,14,133,28,0,1349,174,1026,604,33,608,418,3649,720,3,0,785,8336,90,21,0,9,647,87,379,983,25,4965,1430,252,2128,207,2261
22 Jul 20,45601,9,6045,91,972,1502,29,268,36,0,1227,149,1020,724,61,453,487,4764,1038,8,0,747,10576,45,24,20,54,1078,121,412,961,108,5849,1555,126,2300,451,2291
23 Jul 20,48443,19,7998,42,1047,1625,20,371,45,0,1041,174,1078,789,109,718,482,5030,1078,4,0,632,9895,55,20,9,90,1264,120,438,886,22,6472,1567,206,2516,145,2436
24 Jul 20,48888,19,8147,65,1130,1820,23,449,44,0,1025,190,1068,780,120,353,400,5007,885,36,0,736,9615,31,53,6,65,1594,95,477,958,17,6785,1640,100,2667,272,2216
25 Jul 20,50072,31,7813,70,1165,2803,29,363,37,0,1142,146,1081,783,95,523,277,5072,1103,30,0,716,9251,30,59,29,50,1320,139,468,1120,22,6988,1593,105,2971,244,2404
26 Jul 20,48932,28,7627,32,1142,2605,35,431,49,0,1075,175,1110,794,127,615,508,5199,927,9,0,874,9431,59,56,0,50,1376,133,534,1132,46,6986,0,37,3246,143,2341
27 Jul 20,46484,20,6051,81,1348,2192,23,367,36,0,613,258,1052,795,94,470,454,5324,702,21,0,789,7924,51,36,0,46,1503,85,551,1134,10,6993,1473,147,3505,224,2112
28 Jul 20,49631,25,7948,91,1371,2480,24,306,44,0,1056,168,1108,749,60,489,760,5536,1167,21,0,628,7717,31,41,23,75,1215,139,609,1072,24,6972,1610,221,3458,259,2134
29 Jul 20,52479,65,10093,80,1348,2328,44,314,38,0,1035,202,1144,755,73,540,331,5503,903,20,0,917,9211,141,5,11,53,1068,166,568,1144,17,6426,1764,216,3383,279,2294
30 Jul 20,54968,42,10167,74,2112,2082,38,256,35,0,1093,215,1159,623,103,450,505,6128,506,31,0,834,11147,47,19,13,53,1203,121,510,1156,14,5864,1811,219,3705,199,2434
31 Jul 20,57486,78,10376,107,1862,2986,35,336,46,0,1195,209,1153,711,58,490,915,5483,1310,26,0,838,10320,116,20,0,127,1499,174,663,1147,29,5881,1986,274,4422,118,2496
1 Aug 20,55117,88,9276,83,1457,3521,28,235,45,0,1118,280,1136,793,70,613,790,5172,1129,58,0,808,9601,135,33,5,138,1602,134,944,1160,11,5879,2083,252,3587,264,2589
2 Aug 20,52672,98,8555,24,1178,2762,38,181,55,0,961,337,1101,761,69,444,455,5532,1169,4,0,921,9509,75,18,57,104,1434,200,790,1167,8,5875,1891,141,3873,146,2739
3 Aug 20,50488,96,7822,60,2371,2297,43,212,35,0,805,286,1009,654,115,590,941,4752,961,19,0,750,8968,89,28,26,194,1384,176,674,1145,30,5609,983,0,4441,207,2716
4 Aug 20,51282,98,9747,32,2886,2464,46,382,43,0,674,259,1020,623,61,390,570,6259,1083,49,0,797,7760,98,15,6,276,1384,165,488,1124,95,5063,1286,131,2948,208,2752
5 Aug 20,56626,99,10128,65,2284,2701,64,295,45,0,1076,348,1073,752,37,559,978,5619,1195,58,0,652,10309,75,22,3,93,1337,286,841,1166,17,5175,2012,122,4078,246,2816
6 Aug 20,62170,96,10328,93,2372,3416,57,523,43,0,1299,191,1034,755,131,499,708,6805,1298,3,0,830,11514,124,51,33,82,1699,188,1035,1151,29,5684,2092,98,4586,369,2954
7 Aug 20,61455,99,10171,101,2679,3646,47,388,44,0,1192,333,1074,751,103,473,726,6670,1251,19,0,734,10483,249,16,21,77,1833,241,1039,1161,25,5880,2207,128,4404,278,2912
8 Aug 20,65156,129,10080,68,2218,3992,52,447,51,0,1404,259,1101,789,114,463,986,7178,1420,25,0,859,12822,169,17,8,31,1643,261,998,1171,6,5883,2256,146,4660,501,2949
9 Aug 20,62117,139,10820,38,1123,3934,89,293,45,0,1300,506,1078,792,107,507,688,5985,1211,49,0,868,12248,118,39,41,93,1734,259,975,1169,6,5994,1982,147,4571,230,2939
10 Aug 20,53016,135,7665,76,2900,3021,80,477,62,0,707,317,1056,794,92,470,630,4267,1184,29,0,866,9181,100,53,12,230,1528,242,986,1173,44,5914,1256,62,4113,389,2905
11 Aug 20,61252,139,9024,96,2669,4071,75,360,39,0,1257,415,1118,798,34,564,683,6257,1417,53,0,843,11088,88,27,3,20,1341,276,1000,1217,3,5834,1896,164,5041,411,2931
12 Aug 20,67066,136,9597,103,4593,3741,81,567,39,0,1113,480,1152,797,139,482,788,7883,1212,41,0,870,12712,41,37,25,87,1876,481,1020,1213,17,5871,1897,110,4475,454,2936
13 Aug 20,64141,137,9996,82,2796,3906,91,478,46,0,956,570,1092,793,180,536,693,6706,1564,38,0,1014,11813,130,14,1,50,1981,299,1027,1314,1,5835,1931,121,4537,416,2997
14 Aug 20,65610,149,8943,95,2706,3911,86,529,41,0,1192,476,1087,797,58,540,1175,7908,1569,30,0,796,12608,86,35,8,154,1977,315,1077,1278,149,5890,1921,164,4512,313,3035
15 Aug 20,63986,120,8732,51,1057,3536,81,486,64,0,1276,369,1094,796,119,532,547,8818,1608,30,0,1019,12020,192,64,56,18,2496,359,1028,1287,68,5860,1863,167,4774,325,3074
16 Aug 20,58096,93,8012,43,1317,2187,93,576,35,0,652,300,1120,743,163,449,552,7040,1530,39,0,1022,11111,179,82,64,54,2924,378,1165,1317,19,5950,1102,127,4357,235,3066
17 Aug 20,54298,46,6780,40,2792,2525,114,404,27,0,787,355,1033,887,18,422,843,6317,1725,18,0,930,8493,118,44,12,61,2244,297,1489,1334,20,5890,894,143,3798,318,3080
18 Aug 20,64999,84,9652,134,2534,3257,89,808,51,0,1374,339,1126,896,61,434,1241,7665,1758,44,0,990,11119,78,39,26,65,2239,367,1705,1347,20,5709,1682,205,4218,468,3175
19 Aug 20,69196,75,9742,75,2116,2884,91,752,37,0,1398,342,1145,994,176,708,967,8642,2333,38,0,976,13165,111,78,45,38,2589,356,1683,1312,25,5795,1763,236,5076,264,3169
20 Aug 20,68518,76,9393,116,1735,2451,119,1052,34,0,1215,424,1175,996,127,683,638,7385,1968,29,0,1142,14647,49,126,14,25,2898,540,1741,1330,58,5986,1724,190,4824,411,3197
21 Aug 20,68519,67,9544,60,1856,2461,116,873,53,0,1250,385,1204,1203,190,654,1258,7571,1983,56,0,1147,14161,124,57,21,36,2698,302,1503,1335,46,5995,1457,256,4905,447,3245
22 Aug 20,70067,61,10276,97,1560,2238,145,704,40,0,1412,306,1212,1161,167,610,907,7330,2172,77,0,1226,14492,83,93,8,16,2819,518,1316,1310,45,5980,2474,280,5217,483,3232
23 Aug 20,61749,52,7895,40,1272,2247,142,704,36,0,1450,209,1101,1096,106,666,1075,5938,1908,69,0,1263,10441,114,106,15,51,2993,410,1136,1345,22,5975,2384,331,5325,558,3274
24 Aug 20,59696,44,8601,49,1879,1227,117,1136,18,0,1061,139,1067,1074,100,428,940,5851,1242,51,0,1292,11015,116,59,0,28,2949,337,1505,1346,43,5967,1842,200,4601,405,2967
25 Aug 20,66873,41,9927,100,1973,1444,174,1287,21,0,1544,392,1096,1148,53,701,1056,8161,2375,90,0,1379,10425,82,42,35,38,2752,567,1293,1370,29,5951,2579,293,5006,485,2964
26 Aug 20,75995,40,10830,143,2179,2163,167,1209,22,0,1693,497,1197,1397,167,704,1137,8580,2476,31,0,1064,14888,141,32,14,26,3371,504,1513,1345,11,5958,3018,329,5640,535,2974
27 Aug 20,76827,33,10621,78,2036,1860,188,1438,42,0,1840,456,1190,1293,180,655,1365,9386,2406,41,0,1317,14857,140,80,7,6,3384,504,1746,1345,56,5981,2795,385,5391,728,2997
28 Aug 20,76657,32,10526,112,2560,1998,160,1245,31,0,1808,523,1272,1298,136,696,1137,8960,2543,48,0,1252,14427,118,110,29,21,3682,590,1542,1355,34,5996,2932,509,5405,588,2982
29 Aug 20,78479,31,10548,132,2427,2087,261,1513,15,0,1954,547,1282,1391,144,546,1299,8324,2397,63,0,1442,16286,117,43,0,46,3252,532,1470,1407,26,6352,2751,443,5633,706,3012
30 Aug 20,79461,23,10603,157,1980,2078,170,1346,32,0,2024,451,1272,1295,164,786,1323,8852,2154,35,0,1558,16408,152,60,5,71,3014,571,1678,1450,25,6495,2924,447,6175,664,3019
31 Aug 20,68766,28,10004,78,3266,1324,191,1411,27,0,1358,414,1280,1450,171,535,3221,6495,1530,43,0,1532,11852,140,25,3,28,2602,284,1466,1466,25,5956,1873,321,4782,592,2993
1 Sep 20,78168,28,10368,100,2684,1928,204,1884,19,0,2312,588,1310,1694,139,525,2177,9058,1140,52,0,1525,15765,130,72,1,53,3025,355,1516,1470,18,5928,2734,509,5343,571,2943
2 Sep 20,82860,26,10392,148,3555,1969,239,2296,44,0,2509,636,1305,1792,161,641,1029,9860,1547,52,0,1424,17433,125,77,8,14,3219,391,1481,1511,34,5990,2892,566,5682,836,2976
3 Sep 20,84156,37,10199,214,3054,1922,276,2284,29,0,2737,713,1325,1881,199,1079,1618,8865,1553,55,0,1672,18105,102,109,20,49,3631,424,1526,1553,34,5892,2817,590,5662,946,2984
4 Sep 20,87115,34,10776,201,2891,1978,203,2667,51,0,2914,508,1320,1884,215,1047,1559,9280,2479,95,0,1658,19218,90,108,6,41,3267,591,1498,1570,105,5976,2478,524,6074,831,2978
5 Sep 20,90600,35,10825,139,2698,1727,234,2529,21,0,2973,592,1311,2289,188,1251,1758,9746,2655,61,0,1636,20800,184,182,16,21,3543,394,1514,1566,58,5870,2511,691,6590,950,3042
6 Sep 20,91725,40,10794,86,1537,1797,261,2100,38,0,3256,374,1335,2277,397,1316,1266,9319,3082,40,0,1694,23350,139,89,31,50,3810,466,1946,1593,9,5783,2574,603,6518,668,3087
7 Sep 20,75015,27,8368,180,2785,1369,232,2017,15,0,2077,344,1330,2224,245,1013,1557,5773,1648,28,0,1885,16429,84,29,21,42,3861,284,2110,1580,29,5776,1802,399,5568,807,3077
8 Sep 20,89855,33,10601,221,2578,1667,377,2834,27,0,3609,457,1295,2286,171,1355,2676,7866,3026,38,0,1864,20131,96,42,9,25,3490,433,1964,1590,19,5684,2392,628,6622,658,3091
9 Sep 20,95536,34,10418,144,2243,1498,332,2818,26,0,4039,621,1329,2294,316,1617,1601,9540,3402,40,0,1869,23577,160,121,69,130,3748,335,2137,1610,31,5584,2479,582,6568,1117,3107
10 Sep 20,96762,39,10175,127,2739,1543,283,2748,28,0,4308,639,1332,2591,319,1592,1182,9217,3349,35,0,2187,23446,108,99,141,261,3991,452,2459,1640,20,5528,2534,535,6988,1015,3112
11 Sep 20,97655,29,9999,153,2534,1710,305,2963,25,0,4266,555,1344,2388,318,1578,961,9464,2988,51,0,2240,24886,109,151,20,310,3996,490,2473,1660,17,5519,2426,559,7016,995,3157
12 Sep 20,94414,27,9901,136,2132,1421,250,3120,29,0,4321,740,1365,2783,445,1698,1420,9140,2885,66,0,2347,22084,152,168,26,118,3777,419,2441,1669,29,5495,2278,470,6786,1115,3161
13 Sep 20,93220,25,9536,160,1292,1523,449,2228,20,0,4235,407,1326,2526,326,1686,1014,9894,3139,51,0,2281,22543,144,109,35,19,3913,388,2622,1703,31,5693,2216,629,6205,1637,3215
14 Sep 20,81913,11,7956,176,2403,1137,254,3336,24,0,3229,306,1334,2488,368,1229,1263,8244,2540,74,0,2483,17066,96,139,14,131,4198,393,2421,1730,33,5752,1417,255,5159,1043,3211
15 Sep 20,91098,17,8846,169,2409,1575,347,3450,18,0,4263,613,1349,2493,412,1329,1702,7576,3216,80,0,2323,20482,239,174,40,15,3645,375,2382,1760,54,5697,2058,531,6841,1391,3227
16 Sep 20,97860,19,8835,226,2394,1531,366,3189,27,0,4473,628,1364,2694,460,1590,1635,9725,3830,36,0,2462,23365,110,158,12,34,4270,510,2702,1782,48,5652,2273,454,6229,1540,3237
17 Sep 20,96787,11,8702,159,1380,1592,288,3809,21,0,4432,644,1379,2457,395,1467,1026,9366,4351,41,0,2391,24619,110,162,26,43,4241,317,2848,1793,53,5560,2159,527,6029,1192,3197
18 Sep 20,92973,27,8096,154,2509,1147,260,3842,28,0,4127,596,1410,2488,432,1330,1478,8626,4167,59,0,2552,21656,177,90,28,51,4180,485,2774,1817,29,5488,2043,273,6494,868,3192
19 Sep 20,92574,13,8218,245,2595,1616,290,2617,28,0,4071,643,1432,2691,286,1492,1282,8364,4644,73,0,2607,20519,117,112,14,35,4209,543,2723,1834,39,5569,2123,535,5729,2078,3188
20 Sep 20,87395,7,7738,135,1227,1555,286,1949,37,0,3812,407,1407,2305,221,1457,1492,8191,4696,45,0,2579,20627,170,101,30,59,4330,467,2160,1865,49,5516,2137,525,5758,878,3177
21 Sep 20,74493,22,6235,210,2640,1314,216,1998,9,0,2548,324,1430,1818,309,1036,1321,7339,2910,79,0,2523,15738,116,73,7,93,4242,268,2241,1892,56,5344,1302,243,4618,814,3165
22 Sep 20,83362,18,7553,249,2073,1609,248,2736,11,0,3816,590,1402,1795,331,1235,1275,6974,4125,55,0,2544,18390,270,58,106,60,4189,493,1411,1912,66,5337,2166,559,5650,874,3182
23 Sep 20,86703,21,7228,289,2098,1598,180,2434,18,0,3714,536,1372,1986,280,1249,1141,6997,5376,46,0,2346,21029,96,170,22,67,4237,543,2123,1946,35,5325,2296,504,5143,1069,3189
24 Sep 20,85921,32,7855,283,2091,1203,242,2272,15,0,3834,673,1408,1698,337,1104,1349,7710,6324,36,0,2304,19164,161,122,46,59,4340,668,1756,1981,64,5692,2176,451,4591,684,3196
25 Sep 20,85717,15,7073,255,1792,1632,244,2942,12,0,3827,519,1442,2024,293,1218,1271,8655,6477,56,0,2227,17794,254,75,27,38,4208,594,1876,2010,92,5679,2381,341,4256,928,3190
26 Sep 20,88759,15,7293,198,1736,1457,168,3896,7,0,3372,503,1417,1689,317,1217,1226,8811,7006,68,0,2311,20419,260,54,49,94,4356,543,1588,2045,48,5647,2239,278,4302,949,3181
27 Sep 20,82770,20,6923,135,875,1527,173,2272,6,0,3292,384,1411,1515,195,1141,974,9543,7445,10,0,2310,18056,248,90,30,84,3922,368,1422,2084,38,5791,1967,320,4250,764,3185
28 Sep 20,69669,9,5487,328,3644,1150,125,3725,10,0,1984,438,1404,1630,266,824,1508,6892,4538,49,0,1957,11921,178,60,43,11,3235,285,1269,2112,25,5589,1378,193,3790,457,3155
29 Sep 20,80500,18,6190,221,3592,1439,138,2197,20,0,3227,381,1381,1562,290,1081,1123,10453,7354,43,0,1877,14976,269,101,50,83,3067,381,1085,2148,41,5546,2072,432,3981,493,3188
30 Sep 20,86748,14,6133,243,3590,1435,122,2947,8,0,3390,641,1390,1625,229,975,1111,8856,8830,74,0,2004,18317,237,176,28,123,3443,478,1426,2173,75,5659,2103,381,4226,1005,3281
1 Oct 20,81784,13,6751,224,1585,1370,119,2551,14,0,3037,524,1350,1313,243,1093,1013,10070,8135,91,0,2041,16476,128,163,32,81,3615,480,1265,2193,38,5688,2214,332,4019,248,3275
2 Oct 20,79883,10,6555,200,1416,1431,155,2637,7,0,2920,513,1310,1476,235,1090,736,8793,9258,69,0,2019,15591,286,231,31,74,3600,510,1062,2211,42,5595,2009,296,3894,311,3310
3 Oct 20,75479,10,6224,201,1632,983,148,2610,7,0,2258,445,1343,1188,241,975,877,9886,7834,48,0,1811,14348,252,423,54,111,3053,218,1106,2150,39,5622,1718,190,3631,503,3340
4 Oct 20,74770,16,6242,127,756,1261,85,1924,17,0,2683,428,1302,1302,156,878,933,10145,8553,44,0,1720,12548,206,200,17,123,3326,337,838,2184,43,5489,1949,322,3840,1419,3357
5 Oct 20,60130,15,4256,235,1518,907,133,2681,5,0,1947,391,1327,1031,182,632,816,7051,5042,120,0,1460,10244,250,111,0,42,2617,188,1029,2165,17,5395,1335,159,2971,510,3348
6 Oct 20,71869,13,5795,224,1184,1265,129,2888,11,0,2676,519,1335,1206,250,738,847,9993,7871,79,0,1570,12258,135,270,8,68,2673,405,830,2121,25,5017,1983,275,3500,338,3370
7 Oct 20,78809,23,5120,260,1307,1304,113,2846,17,0,2871,432,1311,1283,282,621,829,10947,10606,82,0,1639,14578,249,128,20,53,2995,479,852,2151,99,5447,2154,237,3389,630,3455
8 Oct 20,70797,17,5292,212,1188,1244,102,2873,11,0,2726,432,1278,1284,213,696,784,10704,5445,100,0,1715,13395,190,96,2,21,3144,378,848,2138,12,5088,1896,214,3133,400,3526
9 Oct 20,73305,24,5145,281,1019,1155,63,2958,8,0,2860,489,1243,1250,199,636,768,10913,9250,85,0,1607,12134,131,127,7,152,2697,365,743,2180,33,5185,1891,223,3207,704,3573
10 Oct 20,74418,16,5653,238,971,1140,96,2688,12,0,2866,343,1221,1158,267,635,697,10517,11755,72,0,1616,11416,282,156,5,61,2854,337,858,2123,42,5242,1811,171,3046,462,3591
11 Oct 20,67789,13,5210,149,396,1302,85,2114,11,0,2780,432,1181,1065,164,569,574,9523,9347,22,0,1575,10792,234,139,13,70,2546,308,656,2144,39,5015,1717,199,3267,526,3612
12 Oct 20,54262,18,3224,220,1521,732,94,2875,5,0,1849,308,1169,1066,170,398,510,7606,5930,70,0,1478,7089,230,88,9,221,2423,188,562,2132,7,4879,1021,109,2182,296,3583
13 Oct 20,63717,13,4622,194,1482,1223,71,2619,0,0,3036,408,1158,1081,184,677,701,8191,8764,87,0,1463,8522,237,67,18,123,2275,267,676,2035,50,4666,1708,217,2957,294,3631
14 Oct 20,67811,10,3892,207,1427,1326,72,2830,3,0,3324,356,1175,1205,246,701,633,9265,6244,66,0,5515,10552,301,153,10,53,2604,241,549,2021,42,4462,1446,181,2593,429,3677
15 Oct 20,63441,16,4038,203,769,1276,74,2819,1,0,3483,332,1185,1199,295,648,583,8477,7789,89,0,1308,10226,284,173,8,76,2470,241,470,2039,41,4410,1432,172,2672,423,3720
16 Oct 20,62304,10,3967,198,767,1062,55,2472,5,0,3428,321,1191,1227,219,697,473,7542,7283,48,0,1352,11447,337,139,9,112,2138,280,507,2010,31,4389,1554,162,2552,549,3771
17 Oct 20,61893,11,3676,179,642,1173,50,2515,3,0,3259,309,1161,1148,275,610,542,7184,9016,93,0,1222,10259,426,101,16,94,2196,212,417,1992,36,4295,1451,134,2725,606,3865
18 Oct 20,56519,25,3986,57,318,1152,64,1894,3,0,3299,187,1091,952,170,578,385,7012,7631,64,0,1030,9060,322,104,8,118,2019,163,476,1985,30,3914,1436,141,2486,376,3983
19 Oct 20,45506,18,2918,238,698,912,40,2376,2,0,2154,159,996,1201,168,427,490,5018,5022,49,0,1015,5984,315,28,0,137,1982,106,473,1960,4,3536,948,85,1719,336,3992
20 Oct 20,54348,15,3503,135,666,1837,57,2507,9,0,3579,285,1126,940,222,589,572,6297,6591,48,0,975,8151,284,57,27,67,1904,205,487,1897,42,3094,1486,135,2289,241,4029
21 Oct 20,56264,27,3746,134,701,1277,54,2360,13,0,3686,308,1137,1193,264,624,647,5872,8369,86,0,1118,8142,214,28,30,119,1931,170,498,1810,34,3086,1579,112,2321,505,4069
22 Oct 20,54371,16,3620,165,508,1058,51,2491,6,0,3882,247,1136,1128,223,584,549,5778,7482,31,0,1045,7539,345,99,31,157,1913,210,605,1822,50,3077,1456,125,2383,402,4157
23 Oct 20,53931,23,3765,68,427,1093,72,2450,6,0,4086,227,1112,1270,196,586,435,5356,8511,28,0,953,7347,156,81,18,140,1793,154,464,1815,43,3057,1421,145,2202,288,4143
24 Oct 20,50366,18,3342,66,258,1054,57,2011,4,0,4116,218,1021,1299,173,577,383,4471,8253,73,0,1004,6417,245,83,30,79,1695,126,483,1852,49,2886,1273,65,2178,359,4148
25 Oct 20,45922,20,2997,33,204,749,61,1368,3,0,4136,211,919,1240,157,532,258,4439,6843,20,0,951,6059,138,136,58,111,1633,81,415,1821,16,2869,978,86,2032,221,4127
26 Oct 20,36019,8,1901,147,215,513,47,1649,0,0,2832,290,908,1153,216,364,220,3130,4287,45,0,720,3645,264,0,46,37,1480,143,336,1805,5,2708,582,36,1798,368,4121
27 Oct 20,43036,21,2901,81,403,678,67,2046,3,0,4853,215,992,1248,231,452,318,3691,5457,46,0,514,5363,180,70,34,63,1247,146,346,1796,23,2522,837,36,1986,213,3957
28 Oct 20,50188,15,2949,108,448,780,60,1929,6,0,5673,221,980,1518,332,536,345,3146,8790,61,0,788,6738,205,90,80,61,1540,101,526,1785,12,2516,1481,160,1980,304,3924
29 Oct 20,48765,16,2905,88,398,783,80,2005,6,0,5739,233,987,1594,327,551,395,4025,7020,54,0,728,5902,242,77,49,70,1617,178,464,1790,18,2652,1504,113,1861,305,3989
30 Oct 20,48117,12,2886,84,380,1018,59,1718,5,0,5891,215,969,1650,101,566,323,3589,6638,55,0,691,6190,221,77,38,51,1547,147,431,1794,20,2608,1531,97,2187,349,3979
31 Oct 20,47228,15,2783,100,336,800,67,1964,3,0,5062,210,935,1743,482,455,474,3014,7983,76,0,669,5548,230,70,28,102,1470,105,500,1780,27,2511,1445,54,1781,413,3993
1 Nov 20,45928,8,2618,29,166,777,58,1543,2,0,5664,142,860,1670,205,540,326,3652,7025,17,0,723,5369,248,155,34,28,1709,96,317,1754,18,2504,1416,77,1969,222,3987
2 Nov 20,37592,12,1916,117,465,577,52,1700,4,0,4001,186,875,1566,334,385,403,2576,4138,70,0,635,4009,341,71,1,21,1389,69,396,1748,9,2481,922,58,1777,331,3957
3 Nov 20,46027,20,2849,85,379,846,80,1724,0,0,6725,235,954,1684,334,478,397,2756,6862,84,0,667,4909,150,63,35,55,1201,147,415,1725,37,2435,1536,137,1726,316,3981
4 Nov 20,50465,17,2477,77,380,541,94,2262,4,0,6842,183,975,1952,433,512,301,3377,8516,112,0,707,5505,262,60,101,56,1474,104,527,1770,62,2487,1637,116,2167,388,3987
5 Nov 20,47628,14,2745,84,313,741,92,1734,4,0,6715,172,990,2064,444,524,355,3156,6820,80,0,734,5246,222,92,65,57,1385,121,521,1810,29,2348,1539,132,1852,480,3948
6 Nov 20,50017,17,2410,81,335,746,133,1758,5,0,7178,203,1035,2267,88,581,356,2960,7002,85,0,778,6870,166,86,32,63,1494,125,647,1797,49,2370,1602,110,2173,473,3942
7 Nov 20,46153,21,2367,64,248,819,98,1571,1,0,6953,169,1046,2011,915,532,340,2258,7201,72,0,865,3959,240,68,42,128,1372,69,477,1841,51,2341,1607,87,1894,498,3928
8 Nov 20,46707,9,2237,47,152,801,109,1375,0,0,7745,149,1020,2380,674,555,203,2740,5440,19,0,891,5585,245,155,58,19,1434,94,487,1872,50,2334,1440,83,2142,243,3920
9 Nov 20,37119,13,1392,48,328,865,115,1586,0,0,5023,144,971,2427,711,460,246,1963,3593,125,0,809,3277,182,28,6,29,1219,62,554,1859,12,2257,857,26,1627,398,3907
10 Nov 20,44724,14,1886,97,271,798,90,1679,1,0,7830,180,1049,2546,611,492,252,2362,6010,129,0,900,3791,219,66,60,33,987,100,486,1902,51,2146,1267,79,2121,328,3891
11 Nov 20,48285,17,1732,76,245,702,95,1721,0,0,8593,109,1125,2546,610,507,284,2584,7007,71,0,883,4907,180,72,61,42,1220,114,699,2080,36,2184,1196,84,1848,783,3872
12 Nov 20,44585,13,1728,44,202,523,109,1817,3,0,7053,107,1120,2788,765,617,269,2116,5537,77,0,1046,4496,254,144,25,37,986,65,685,2176,25,2112,1015,59,2265,451,3856
13 Nov 20,44620,11,1593,57,233,581,93,1548,3,0,7802,156,1152,2688,825,626,288,2016,5804,80,0,1048,4132,214,70,67,23,1018,73,736,2144,47,1939,997,76,2178,467,3835
14 Nov 20,41692,9,1657,34,107,588,0,716,4,0,7340,84,1124,2118,322,565,154,2154,6357,65,0,1012,4237,211,51,59,112,902,47,0,2162,41,1912,1050,78,2301,296,3823
15 Nov 20,30681,9,1056,20,93,247,168,530,6,0,3235,58,1070,1957,383,460,129,1565,4581,40,0,870,2544,235,35,25,135,753,25,1053,2184,42,1819,661,26,1401,213,3053
16 Nov 20,28609,21,753,56,186,517,82,1110,3,0,3797,125,926,2153,443,390,166,1157,2710,97,0,597,2535,178,41,3,140,749,13,424,2169,23,1725,502,17,1546,243,3012
17 Nov 20,38548,17,1395,36,242,513,136,1721,3,0,6396,154,1125,2450,584,572,261,1336,5792,70,0,922,2732,159,85,48,163,644,72,515,2194,27,1652,952,77,1420,429,3654
18 Nov 20,45366,19,1236,41,169,734,145,2048,8,0,7486,162,1281,2562,661,574,251,1791,6419,60,0,1209,5011,110,76,37,178,868,56,798,2178,29,1714,948,73,2346,420,3668
19 Nov 20,46185,11,1316,31,175,794,155,2149,2,0,7546,136,1340,2212,796,560,230,1849,5722,91,0,1363,5535,230,109,32,94,868,68,782,2549,32,1707,1058,105,2532,386,3620
20 Nov 20,46283,13,1221,25,164,495,150,1842,9,0,6608,152,1420,3104,588,661,185,1781,6028,73,0,1528,5640,200,173,28,148,757,52,818,2762,23,1688,894,75,2840,512,3626
21 Nov 20,45301,14,1160,36,223,278,119,2284,1,0,5879,116,1515,2666,915,608,175,1781,5772,79,0,1700,5760,270,117,66,66,778,63,672,3007,59,1663,925,75,2235,585,3639
22 Nov 20,44404,10,1121,24,86,385,80,1748,4,0,6746,78,1495,2279,627,564,137,1704,5254,73,0,1798,5753,382,70,40,103,638,45,679,3260,31,1655,873,48,2557,466,3591
23 Nov 20,37441,15,545,31,169,412,98,2061,4,0,4454,75,1487,2663,454,351,219,1509,3757,6,0,1701,4153,250,58,13,75,668,25,711,3232,14,1624,602,19,2053,376,3557
24 Nov 20,44245,11,1085,52,157,653,79,1829,0,0,6224,167,1510,2329,948,431,233,1870,5420,83,0,1766,5439,290,57,50,79,642,51,608,3314,41,1557,921,59,2217,528,3545
25 Nov 20,44699,10,831,30,182,763,87,1877,2,0,5246,125,1540,2197,837,489,237,1630,6491,91,0,1773,6159,193,59,35,60,730,51,770,3285,42,1534,993,35,2305,482,3528
26 Nov 20,43174,5,1031,30,150,682,116,1753,1,0,5475,148,1560,2122,931,487,230,1505,5378,109,0,1668,6406,159,68,20,69,644,20,843,3180,52,1464,862,50,2094,355,3507
27 Nov 20,41353,7,733,27,149,698,106,1879,2,0,5482,150,1607,2135,830,565,189,1526,3966,44,0,1645,6185,222,52,23,31,594,16,808,3093,37,1442,761,32,2298,530,3489
28 Nov 20,41815,9,625,31,163,713,89,1890,0,0,4998,198,1598,1967,650,512,209,1522,6250,56,0,1634,5965,235,71,18,24,550,46,719,2765,59,1430,753,31,2152,424,3459
29 Nov 20,39036,6,620,7,134,606,96,1273,2,0,4906,115,1564,1809,1026,471,198,1291,5643,75,0,1514,5544,161,36,17,44,518,33,733,2581,19,1459,805,0,1974,389,3367
30 Nov 20,31179,6,381,13,159,457,67,1324,0,0,3726,159,1502,1604,515,370,167,998,3382,12,0,1383,3837,135,70,2,27,418,33,553,2677,4,1410,593,54,2015,455,2671
1 Dec 20,36474,8,685,14,222,482,128,1893,2,0,4006,161,1477,1871,709,454,181,1330,5375,62,0,1357,4930,198,65,22,23,378,52,618,2347,42,1404,502,31,1657,473,3315
2 Dec 20,35506,5,663,24,173,680,105,1648,4,0,3944,117,1512,1607,633,452,206,1440,6316,146,0,1439,3350,147,79,22,45,480,59,599,1990,40,1428,565,38,1763,516,3271
3 Dec 20,36574,6,664,28,165,571,75,1555,0,0,3734,124,1540,1635,837,582,233,1446,5376,68,0,1450,5182,146,51,12,29,434,40,756,2086,28,1416,609,39,1920,491,3246
4 Dec 20,36711,13,599,19,169,619,111,1579,0,0,4067,94,1510,1602,803,544,219,1247,5718,41,0,1324,5229,155,62,7,22,377,46,724,1934,47,1391,631,33,1951,618,3206
5 Dec 20,36010,5,630,17,157,573,98,1583,2,0,3419,115,1514,1557,905,501,196,1325,5848,108,0,1352,4922,166,97,25,35,409,44,636,2076,21,1366,596,24,1833,680,3175
6 Dec 20,33178,11,667,11,97,585,101,1229,1,0,2706,112,1455,1498,553,531,92,1321,4777,53,0,1455,4757,216,73,21,39,393,35,802,2089,26,1320,622,31,1932,424,3143
7 Dec 20,26227,15,316,20,166,439,86,1423,4,0,1674,90,1380,1392,739,280,179,998,3272,3,0,1452,3075,152,77,2,39,368,26,613,1927,6,1312,517,6,1453,512,2214
8 Dec 20,32083,5,551,22,94,684,126,1467,5,0,3188,159,1325,1391,504,470,182,1280,5032,73,0,1345,4026,171,96,32,61,349,41,492,1604,13,1236,682,28,1776,632,2941
9 Dec 20,31637,5,618,24,146,690,83,1421,3,0,2463,101,1318,1400,729,369,191,1279,4875,76,0,1272,4981,138,101,9,29,386,28,597,1511,24,1232,721,20,1326,515,2956
10 Dec 20,29411,8,538,18,140,595,88,1518,0,0,1575,95,1270,1250,773,366,173,1238,4470,26,0,1319,3824,151,75,7,94,343,24,628,1592,26,1220,643,31,1662,830,2801
11 Dec 20,29961,7,520,18,127,618,92,1491,1,0,2385,104,1223,1065,651,434,174,1210,4642,41,0,1222,4268,174,59,23,32,387,43,543,1473,27,1235,612,21,1561,725,2753
12 Dec 20,30354,7,510,7,152,596,70,1632,0,0,1935,70,1204,1008,597,419,189,1203,5949,26,0,1282,4259,177,98,17,42,335,38,480,1307,26,1218,635,18,1410,728,2710
13 Dec 20,27336,13,506,9,73,500,66,1259,0,0,1984,57,1175,990,424,382,144,1196,4698,17,0,1181,3717,119,123,11,33,393,48,621,1290,22,1195,573,23,1424,490,2580
14 Dec 20,21941,16,305,23,146,425,76,1615,0,0,1376,112,1120,993,386,246,212,830,2707,11,0,1058,2949,54,75,5,19,332,21,459,1250,2,1141,384,10,1172,577,1834
15 Dec 20,26251,8,500,17,142,572,62,1605,0,0,1617,92,1110,822,435,346,209,1185,5218,51,0,1073,3442,83,66,9,33,300,37,394,1045,25,1132,491,9,1336,496,2289
16 Dec 20,18172,8,478,21,97,565,67,1661,1,0,1547,91,1160,807,484,332,190,1240,6185,21,0,1079,-5914,81,65,31,26,407,32,330,1247,33,1181,536,24,1199,567,2293
17 Dec 20,26754,10,534,29,106,588,62,1584,1,0,1363,88,1115,714,463,385,211,1236,4969,5,0,1161,3880,81,69,5,33,351,40,448,1122,8,1174,509,17,1528,620,2245
18 Dec 20,26991,9,458,8,102,535,74,1413,1,0,1418,104,1075,749,482,388,274,1222,5456,9,0,1181,3994,86,48,9,12,358,48,439,1076,33,1134,551,21,1405,580,2239
19 Dec 20,26834,6,479,18,96,712,65,1368,1,0,1139,127,1026,590,385,301,247,1152,6293,18,0,1085,3940,58,32,16,9,356,45,435,989,122,1127,627,26,1205,584,2155
20 Dec 20,24622,6,438,1,63,599,29,953,0,0,1091,88,1010,577,319,257,172,1194,5711,9,0,1069,3811,48,32,12,1,372,33,337,978,12,1114,592,22,1230,464,1978
21 Dec 20,19147,7,214,22,101,287,55,1258,0,0,803,79,960,553,294,232,173,772,3423,7,0,1035,2834,38,5,2,16,363,14,336,913,3,1071,316,8,990,448,1515
22 Dec 20,23880,5,402,5,75,497,56,1380,1,0,939,96,988,534,332,308,209,1141,6049,10,0,1005,3106,39,41,9,8,319,49,287,807,34,1052,617,13,1203,611,1653
23 Dec 20,24716,3,379,12,95,640,82,1337,0,0,871,125,958,495,437,250,202,958,6169,13,0,1007,3913,104,29,8,11,364,34,480,992,22,1066,635,15,818,564,1628
24 Dec 20,23444,5,357,9,95,668,43,1232,2,0,1063,90,990,519,374,291,177,1143,5177,32,0,1038,3580,49,12,15,13,263,40,360,1001,32,1035,574,13,1126,436,1590
25 Dec 20,22349,11,355,0,61,640,36,853,2,0,758,80,910,408,292,284,168,1005,5397,14,0,1031,3431,67,29,22,5,325,29,316,1023,20,1027,518,9,1214,468,1541
26 Dec 20,18575,0,282,9,74,474,78,1045,1,0,655,61,890,392,222,249,189,857,3527,39,0,1006,2854,33,2,0,2,334,33,305,785,115,1019,317,1,1098,374,1253
27 Dec 20,20333,12,349,2,29,545,63,825,1,0,757,72,850,362,158,260,125,911,4905,12,0,946,3314,53,5,4,0,303,48,279,843,46,1009,472,11,900,427,1435
28 Dec 20,16072,5,212,7,58,309,65,1188,1,0,564,105,810,351,242,156,152,653,3047,5,0,876,2498,31,3,2,14,234,33,263,798,0,1005,205,7,940,205,1028
29 Dec 20,20542,7,326,13,66,622,64,1134,0,0,703,112,804,414,214,234,230,662,5887,25,0,853,3018,36,8,6,6,263,42,210,626,19,957,397,2,1021,317,1244
30 Dec 20,21945,5,349,2,76,474,67,1069,0,0,677,97,799,382,220,217,223,973,6268,11,0,866,3537,41,21,9,4,305,26,361,770,13,945,474,12,1025,449,1178
31 Dec 20,19026,4,338,8,72,392,66,1035,3,0,574,85,780,271,163,227,240,952,5215,19,0,844,3509,51,0,5,6,315,36,283,689,12,937,415,6,0,304,1170
1 Jan 21,20159,1,326,0,40,463,51,932,0,0,585,69,734,286,193,256,128,877,4991,59,0,780,3524,18,0,12,2,245,32,248,609,12,921,461,4,1786,361,1153
2 Jan 21,18144,1,238,8,38,397,66,1147,0,0,494,95,741,239,149,244,151,755,5328,25,0,731,3218,37,40,3,0,251,10,242,467,10,910,293,8,682,263,863
3 Jan 21,16678,1,232,5,15,282,16,714,1,0,424,65,715,218,67,182,137,810,4600,6,0,724,3282,38,12,4,1,192,50,207,502,9,867,394,6,737,267,896
4 Jan 21,16278,0,128,9,36,344,55,1147,0,0,384,40,698,244,122,133,160,600,3021,5,0,621,4875,51,22,0,5,183,29,222,457,1,838,238,1,711,301,597
5 Jan 21,17909,1,377,3,41,411,90,1021,0,0,442,80,655,259,102,137,151,815,5615,16,0,671,3160,86,24,11,2,198,47,211,397,17,820,253,1,729,254,812
6 Jan 21,20472,0,289,9,43,408,78,1050,0,0,654,92,665,316,105,126,194,784,6394,12,0,730,4382,66,19,13,17,231,34,258,436,13,811,417,2,729,227,868
7 Jan 21,18123,9,295,4,57,377,43,1010,0,0,486,119,667,274,131,127,195,761,5051,11,0,774,3729,47,11,9,6,230,35,277,509,14,805,379,8,503,249,921
8 Jan 21,18453,1,319,7,50,452,54,960,1,0,444,83,685,281,136,122,207,970,5142,1,0,614,3693,48,24,3,4,245,20,299,471,14,790,346,5,767,269,926
9 Jan 21,18820,0,199,3,34,493,50,1014,0,0,519,81,675,279,84,127,236,899,5528,7,0,541,3581,67,32,16,11,206,36,248,430,5,761,298,0,1286,287,787
10 Jan 21,16086,1,227,5,25,359,44,661,0,0,399,66,671,234,86,113,145,792,4545,10,0,620,3558,14,19,17,3,260,30,299,475,4,724,351,8,275,223,823
11 Jan 21,12481,3,121,5,45,213,47,853,2,0,306,35,615,244,69,113,144,496,3110,3,0,485,2438,33,20,1,9,244,22,192,429,1,682,224,0,509,156,612
12 Jan 21,15903,3,197,5,55,344,36,729,0,0,386,92,602,192,75,113,127,751,5507,13,0,471,2936,32,20,6,10,225,18,254,293,7,671,301,2,495,184,751
13 Jan 21,17015,3,203,1,53,294,37,671,1,0,357,96,583,225,93,121,152,746,6004,5,0,456,3556,44,18,4,6,210,29,258,373,8,673,331,6,466,209,723
14 Jan 21,15677,7,179,15,19,314,23,607,2,0,340,103,570,187,62,79,144,408,5490,7,0,420,3579,18,18,7,32,222,43,213,281,7,665,276,5,501,154,680
15 Jan 21,15155,3,94,4,15,346,26,521,2,0,295,80,535,161,51,144,96,708,5624,2,0,429,3145,24,4,0,4,186,28,241,310,13,621,202,5,472,141,623
16 Jan 21,15050,3,114,6,32,239,39,566,0,0,299,83,505,167,71,109,119,584,5960,1,0,365,2910,24,2,4,15,178,16,175,238,5,610,249,4,523,226,609
17 Jan 21,13962,1,161,3,22,211,34,323,1,0,246,60,518,178,70,126,87,745,5005,7,0,355,3081,21,12,8,4,183,35,239,261,9,589,299,0,391,112,565
18 Jan 21,9987,5,81,1,33,144,27,471,0,0,161,53,495,119,35,82,100,435,3346,1,14,304,1924,11,2,1,3,134,23,124,213,0,551,206,3,376,120,389
19 Jan 21,13787,1,179,3,23,189,31,383,0,0,231,112,485,153,41,113,101,645,6186,5,7,304,2294,33,3,6,5,122,37,208,209,14,543,256,3,334,116,412
20 Jan 21,15279,2,173,0,32,209,28,594,2,0,228,87,490,105,63,109,125,501,6815,6,9,280,3015,19,7,5,1,157,31,199,213,5,549,267,1,390,153,409
21 Jan 21,14495,0,139,1,21,168,16,560,0,0,227,55,471,133,39,117,67,674,6334,5,18,301,2886,19,4,12,3,143,35,180,265,5,596,226,2,195,162,416
22 Jan 21,14323,1,137,1,17,168,25,440,1,0,266,70,451,120,41,88,75,324,6753,0,2,347,2779,15,2,3,2,154,22,206,201,1,574,214,4,303,110,406
23 Jan 21,14896,1,158,1,19,149,22,377,0,0,197,85,423,136,27,94,78,902,6960,2,7,291,2697,17,4,0,4,130,36,211,203,5,586,221,2,319,122,410
24 Jan 21,13232,0,158,1,16,131,32,298,0,0,185,53,410,128,21,73,54,573,6036,12,0,252,2752,16,5,2,0,150,30,197,167,3,569,197,0,268,54,389
25 Jan 21,9098,1,56,1,25,82,61,484,0,0,148,57,390,118,35,64,74,375,3361,0,10,200,1842,11,2,0,3,130,18,159,193,1,540,148,1,194,62,252
26 Jan 21,12733,0,172,1,8,160,0,321,1,0,157,70,380,96,12,74,65,529,6293,1,2,228,2405,6,6,5,2,99,32,129,125,6,523,189,1,301,39,295
27 Jan 21,11556,0,111,3,17,86,40,439,1,0,96,53,353,87,39,77,70,428,5659,0,0,185,2171,4,1,3,2,138,24,188,134,1,512,147,0,168,85,234
28 Jan 21,18912,0,117,3,29,134,36,6451,0,0,199,85,346,97,60,63,62,550,5771,17,0,226,2889,15,8,3,1,113,39,200,85,5,503,186,0,248,82,289
29 Jan 21,13054,0,125,0,20,121,27,370,1,0,249,78,335,107,44,76,45,468,6268,9,1,171,2771,15,4,1,4,70,31,254,103,1,509,197,2,213,78,286
30 Jan 21,13073,0,129,1,29,123,17,413,0,0,183,93,323,97,94,76,49,464,6282,5,9,219,2630,15,8,3,2,108,43,224,104,3,505,186,2,242,82,310
31 Jan 21,11527,0,116,0,21,116,26,265,0,0,140,53,316,92,42,57,41,522,5266,1,8,226,2585,16,3,6,4,114,21,192,95,2,508,163,0,220,61,229
1 Feb 21,8579,0,64,0,13,75,32,322,0,0,121,60,298,92,25,44,42,388,3459,4,12,151,1948,4,0,0,5,79,28,194,96,1,502,118,1,171,51,179
2 Feb 21,11001,0,104,1,7,118,22,330,0,0,114,106,285,78,26,44,59,395,5716,2,20,168,1927,5,4,1,2,60,27,204,87,5,510,152,0,172,47,203
3 Feb 21,12925,0,95,0,14,92,36,351,0,0,150,63,283,69,59,65,46,426,6356,9,3,258,2992,9,6,3,16,71,23,187,92,2,514,185,0,195,54,201
4 Feb 21,12401,0,79,0,11,64,21,373,0,0,158,79,275,73,47,60,58,474,6102,5,4,166,2736,13,20,0,4,87,39,196,139,5,494,177,0,133,103,206
5 Feb 21,11711,3,97,0,7,90,24,336,0,0,154,56,267,84,71,66,41,430,5610,3,15,162,2628,9,27,4,5,97,50,199,116,2,489,169,1,158,47,194
6 Feb 21,12069,3,75,1,9,88,0,260,0,0,123,65,252,71,87,65,41,531,5942,1,10,197,2768,7,24,1,22,82,35,183,97,3,477,161,0,144,47,197
7 Feb 21,11786,1,73,0,8,53,47,186,0,0,119,42,244,67,45,59,38,487,6075,3,2,184,2673,9,40,1,10,72,22,207,75,2,471,150,0,113,15,193
8 Feb 21,8715,4,62,1,19,56,26,265,0,0,125,57,232,76,29,43,38,328,3742,6,1,193,2216,4,1,1,2,72,26,192,101,0,464,101,0,70,43,119
9 Feb 21,10731,2,70,0,27,92,21,206,0,0,100,59,234,93,68,55,61,366,5214,5,12,167,2515,7,7,3,6,105,35,185,90,0,469,149,1,107,54,146
10 Feb 21,12539,0,50,0,11,64,17,222,0,0,127,72,255,77,83,45,45,415,5980,4,15,141,3451,11,31,2,2,92,19,229,107,1,479,157,0,121,35,179
11 Feb 21,9353,0,87,1,10,57,13,254,0,0,142,45,285,106,36,65,45,430,5281,0,6,169,652,7,7,2,7,95,25,306,111,2,481,146,0,215,48,217
12 Feb 21,12137,0,68,0,8,78,19,229,2,0,141,39,268,104,30,91,36,380,5397,1,1,161,3670,11,1,1,1,58,19,246,108,3,483,143,0,103,49,188
13 Feb 21,12198,2,54,0,3,44,17,229,0,0,126,41,279,82,59,60,41,419,5471,2,36,194,3611,17,5,1,7,59,24,260,110,0,477,151,0,88,44,185
14 Feb 21,11706,0,55,0,5,51,18,169,0,0,150,42,247,77,21,73,41,414,4612,2,9,223,4092,13,5,0,6,73,8,234,103,2,470,146,0,101,54,190
15 Feb 21,9086,0,30,1,11,44,26,274,0,0,141,40,249,108,21,64,38,368,2884,6,1,203,3365,8,0,0,0,88,20,222,82,0,455,99,0,58,47,133
16 Feb 21,11592,4,60,0,5,56,29,250,0,0,94,48,263,86,19,58,32,438,4937,6,17,233,3663,9,2,3,1,60,20,247,60,3,451,129,0,105,53,151
17 Feb 21,12862,1,51,0,21,38,29,311,2,0,134,46,278,82,34,84,45,378,4892,3,10,251,4787,10,1,1,0,75,18,341,101,0,454,148,2,57,44,133
18 Feb 21,13237,0,67,3,14,63,30,276,0,0,130,52,263,83,16,87,38,406,4584,1,2,241,5427,2,1,3,1,63,20,268,104,5,457,163,2,143,41,181
19 Feb 21,13916,0,79,0,23,67,19,259,0,0,158,45,266,93,32,81,51,386,4505,2,9,297,6112,5,5,6,0,53,14,383,93,1,448,165,0,39,26,194
20 Feb 21,13919,0,54,0,16,57,26,263,0,0,152,57,258,111,22,68,37,490,4650,1,5,257,6281,3,1,2,0,65,29,352,98,1,438,157,35,114,-374,193
21 Feb 21,14278,0,88,0,9,94,28,153,0,0,145,39,283,121,19,84,31,413,4070,0,3,299,6971,4,0,2,1,58,23,348,82,4,452,163,0,79,30,182
22 Feb 21,10494,1,41,0,14,84,38,274,0,0,128,29,315,106,18,58,41,317,2212,1,15,294,5210,3,2,0,0,69,8,388,83,0,449,114,2,0,32,148
23 Feb 21,13682,1,70,0,21,59,37,274,0,0,145,57,348,131,20,94,50,383,4034,9,21,246,6218,3,1,1,0,62,28,414,76,0,442,0,4,190,54,189
24 Feb 21,16930,0,94,0,27,54,41,247,2,0,200,52,380,130,34,74,32,334,4106,11,6,346,8807,7,3,3,0,68,28,558,99,0,463,345,2,128,47,202
25 Feb 21,16599,0,82,0,30,61,49,220,1,0,220,71,424,166,42,108,76,453,3677,7,9,368,8702,3,3,0,6,89,21,563,128,1,467,207,0,129,17,199
26 Feb 21,16562,1,96,0,34,46,69,279,1,0,256,100,460,148,44,85,68,571,3671,2,2,332,8333,7,0,6,0,94,20,622,149,2,481,189,7,118,53,216
27 Feb 21,16805,1,118,0,9,45,60,240,0,0,243,61,451,199,55,97,42,523,3792,2,26,390,8623,11,0,3,1,86,20,593,102,2,486,178,0,77,59,210
28 Feb 21,15614,2,117,0,10,25,51,141,0,0,197,54,407,174,47,58,44,521,3254,0,23,363,8293,2,1,1,1,87,8,579,156,8,479,176,0,100,43,192
1 Mar 21,12270,0,58,1,33,22,69,256,0,0,175,40,427,166,132,63,37,349,1938,1,15,336,6397,1,1,0,0,86,9,633,119,0,474,116,10,81,27,198
2 Mar 21,14998,0,106,1,15,41,67,216,2,0,217,47,454,175,23,85,51,437,2938,0,10,331,7863,8,3,3,0,74,29,729,102,2,462,163,0,103,70,171
3 Mar 21,17425,2,135,0,8,31,56,267,0,0,240,70,475,240,77,104,31,528,2765,2,7,417,9855,1,0,1,5,97,14,772,215,3,489,168,3,77,45,225
4 Mar 21,16824,2,102,0,20,40,78,235,0,0,261,69,480,294,65,79,61,571,2616,3,12,440,8998,0,0,0,5,81,17,1071,156,4,482,152,2,119,100,209
5 Mar 21,18324,0,124,1,29,38,76,274,0,0,312,79,515,233,72,81,44,677,2776,2,43,457,10216,3,2,1,0,91,30,808,195,3,543,166,0,127,51,255
6 Mar 21,18724,0,115,0,7,22,122,290,2,0,321,70,571,323,45,79,44,580,2791,4,5,467,10187,2,0,0,1,54,19,1159,233,10,562,170,2,130,78,259
7 Mar 21,18650,0,136,0,19,30,80,222,9,0,286,48,575,305,59,112,42,622,2100,1,13,429,11141,3,4,0,6,70,25,1043,176,7,567,158,0,115,59,188
8 Mar 21,15353,2,74,0,14,21,79,320,5,0,239,54,555,231,79,70,53,436,1412,2,8,427,8744,5,1,0,0,59,14,1229,179,0,556,111,0,101,58,215
9 Mar 21,17873,2,118,0,22,41,105,390,0,0,320,75,581,336,42,77,62,590,2316,2,15,457,9927,2,4,4,0,57,26,1027,179,1,569,142,0,147,49,188
10 Mar 21,22851,0,120,1,22,44,87,456,3,0,370,69,675,359,108,97,62,760,2475,3,15,516,13659,7,6,2,0,69,24,1393,188,3,671,189,0,121,36,241
11 Mar 21,23298,0,174,0,19,45,108,378,0,0,409,69,710,442,92,75,31,783,2133,2,45,530,14317,4,2,0,0,63,22,1305,203,1,685,194,1,143,69,244
12 Mar 21,24845,1,210,0,21,28,135,447,4,0,431,82,715,385,88,73,57,833,1780,6,18,603,15817,1,1,1,4,64,30,1408,237,4,670,181,0,167,66,277
13 Mar 21,25154,1,175,0,14,38,144,543,4,0,419,93,775,424,70,99,43,921,2035,1,16,675,15602,1,6,0,4,65,31,1510,201,1,695,216,2,0,54,276
14 Mar 21,26513,1,298,0,17,50,120,475,3,0,407,66,810,440,78,105,61,934,1792,0,1,743,16620,2,5,1,0,71,15,1492,250,0,759,228,2,332,52,283
15 Mar 21,24437,0,147,0,20,26,148,645,2,0,368,89,890,420,75,94,67,932,1054,5,2,797,15051,0,0,1,0,66,14,1818,251,0,836,157,0,151,60,251
16 Mar 21,28869,1,261,1,22,49,147,856,5,0,425,94,954,523,119,97,76,1135,1970,11,19,817,17864,2,3,2,0,65,24,1463,241,7,867,204,11,214,65,255
17 Mar 21,35838,3,253,0,33,58,201,887,0,0,536,73,1122,555,167,126,82,1275,2098,2,14,832,23179,8,2,3,0,82,52,2013,313,3,945,247,1,260,110,303
18 Mar 21,39687,1,218,1,33,107,211,1066,9,0,607,98,1276,633,171,140,97,1488,1899,11,5,917,25833,2,3,3,0,84,81,2369,327,2,989,278,3,314,88,323
19 Mar 21,40906,2,246,0,19,90,214,1097,10,0,716,100,1415,872,182,152,105,1587,1984,5,3,1140,25681,1,3,0,0,110,61,2470,402,3,1087,313,10,380,99,347
20 Mar 21,43815,0,380,0,27,88,203,1273,7,0,813,154,1565,821,148,140,123,1798,2078,25,0,1308,27126,6,4,1,0,120,60,2578,445,5,1243,364,5,441,83,383
21 Mar 21,47009,1,368,0,25,126,239,1000,10,0,823,98,1580,867,141,158,83,1715,1875,2,18,1322,30535,3,0,1,0,98,64,2644,476,2,1289,394,5,488,137,422
22 Mar 21,40636,0,310,0,30,90,208,1525,4,0,888,85,1640,865,200,132,110,1445,1239,12,25,1348,24645,4,4,1,0,146,47,2299,602,0,1385,337,0,538,104,368
23 Mar 21,47239,0,492,0,52,111,214,1910,7,0,1101,133,1730,895,157,157,130,2010,1985,9,6,1502,28699,13,1,3,0,113,87,2254,480,2,1437,412,6,633,94,404
24 Mar 21,53419,2,585,0,41,170,249,2106,11,0,1254,140,1790,981,266,195,194,2298,2456,13,2,1712,31855,10,2,1,1,170,125,2613,669,2,1636,431,9,734,234,462
25 Mar 21,59083,1,758,0,40,258,226,2419,26,0,1515,189,1961,1053,315,172,278,2523,1989,6,9,1885,35952,3,3,2,2,214,95,2661,715,2,1779,493,1,830,192,516
26 Mar 21,62276,1,984,1,37,211,248,2665,17,0,1534,113,2190,1322,351,210,308,2566,1825,17,6,2091,36902,6,7,6,1,234,96,3122,853,3,1971,518,0,1028,186,646
27 Mar 21,62632,1,947,2,46,195,294,3162,26,0,1558,170,2276,1383,416,271,340,2886,2055,9,0,2142,35726,3,2,3,0,210,128,2805,852,11,2089,495,10,1050,257,812
28 Mar 21,68206,2,1005,0,48,351,296,2153,27,0,1881,131,2270,1392,277,309,314,3082,2216,0,1,2276,40414,9,1,2,1,290,137,2870,1081,1,2194,535,0,1447,366,827
29 Mar 21,56152,6,997,0,40,239,274,1423,16,0,1904,128,2252,995,321,235,155,2792,1549,33,0,2323,31643,6,2,0,3,208,125,2868,902,0,2279,403,3,1280,109,639
30 Mar 21,53237,29,993,0,53,74,265,3108,12,0,992,127,2220,980,339,359,418,2975,2389,112,3,2173,27918,2,22,3,0,218,115,2188,665,6,2342,463,0,918,128,628
31 Mar 21,72113,2,1184,0,49,259,266,4563,19,0,1819,200,2360,1106,285,373,693,4225,2653,38,5,2332,39544,5,9,5,107,297,127,2944,906,2,2579,684,0,1198,293,982
1 Apr 21,81398,1,1271,0,58,488,257,4617,17,0,2790,265,2410,1609,409,461,690,4234,2798,18,3,2546,43183,1,2,3,5,394,260,3161,1350,6,2817,887,24,2589,500,1274
2 Apr 21,89023,0,1288,1,63,662,287,4174,20,0,3594,280,2640,1861,406,517,694,4991,2508,14,7,2777,47913,5,15,8,16,461,213,2873,1422,4,3290,965,4,2953,364,1733
3 Apr 21,92994,14,1398,3,68,836,310,5818,16,0,3567,219,2815,1959,418,501,873,4373,2541,37,7,2839,49447,9,24,3,1,452,191,2686,1675,6,3446,1078,2,3187,439,1736
4 Apr 21,103794,11,1730,0,69,864,341,5250,25,0,4033,265,2875,1904,404,573,787,4553,2802,29,1,3178,57074,8,16,3,1,471,227,3006,1729,6,3581,1321,14,4136,550,1957
5 Apr 21,96563,7,1326,2,70,935,285,7302,27,0,3548,247,3160,2040,567,442,1086,5279,2357,48,3,3398,47288,5,4,1,2,573,180,2692,2429,6,3672,1097,3,3974,547,1961
6 Apr 21,115312,7,1941,2,92,1080,319,9921,16,0,5100,387,3280,2099,428,561,1264,6150,3502,50,7,3722,55469,7,9,9,0,588,237,2905,2236,23,3645,1498,14,5895,791,2058
7 Apr 21,126276,8,2331,8,195,1527,399,10310,24,0,5506,527,3575,2366,653,812,1312,6976,3502,59,19,4043,59907,12,5,8,11,791,173,2963,2801,31,3986,1914,21,6002,1109,2390
8 Apr 21,131878,18,2558,12,245,1911,324,10652,30,0,7437,582,4021,2872,621,835,1882,6570,4353,91,8,4324,56286,16,25,14,5,879,293,3070,3526,6,4276,2055,37,8474,787,2783
9 Apr 21,144945,12,2765,2,281,2174,422,11447,32,0,8521,428,4541,2994,662,808,1925,7955,5063,116,6,4882,58993,12,42,36,7,1282,223,3404,3970,6,5441,2478,32,9587,748,3648
10 Apr 21,152565,14,3309,3,405,3469,398,14098,103,0,7897,540,5011,2937,943,1005,2373,6955,6194,146,10,4986,55411,11,39,25,12,1374,272,3239,4401,22,5989,2909,41,12748,1233,4043
11 Apr 21,169914,15,3495,4,352,3756,402,10521,76,0,10774,525,5469,3440,570,915,2296,10250,6986,15,5,5939,63294,10,28,29,5,1379,306,3039,5105,54,6618,3187,48,15276,1333,4398
12 Apr 21,160838,11,3263,6,583,2999,424,13576,111,0,11491,476,6021,3818,1089,991,2366,9579,5692,125,14,6489,51751,18,26,7,11,1741,512,3451,5771,5,6711,2251,10,13604,1334,4511
13 Apr 21,185297,8,4228,14,590,4157,397,15121,98,0,13468,562,6690,3845,619,1269,2844,8778,7515,165,21,8998,60212,26,87,36,11,1784,418,2980,5528,25,6984,3052,62,17963,1925,4817
14 Apr 21,199584,38,4157,10,385,4786,421,14250,104,0,17282,473,7410,5398,925,1086,3198,11265,8778,208,11,9720,58952,21,98,30,13,2267,476,3302,6200,21,7819,2157,39,20439,1953,5892
15 Apr 21,216828,15,5086,8,499,6133,412,15256,103,0,16699,757,8152,5858,1034,1141,3480,14738,8126,186,56,10166,61695,18,97,37,42,2989,413,4311,6658,41,7987,3307,0,22339,2220,6769
16 Apr 21,234002,27,6096,28,573,6253,481,14912,138,0,19486,927,8920,6277,842,1144,3843,14859,10031,245,44,11045,63729,31,121,25,22,3108,531,3891,7359,22,8449,3840,31,27360,2402,6910
17 Apr 21,260895,42,7224,19,876,7870,431,16083,108,0,24375,762,9541,7717,1392,1145,3838,17489,13835,362,106,11269,67123,39,95,62,32,3144,715,4431,9046,72,9344,4446,58,27334,2757,7713
18 Apr 21,275063,59,6582,20,639,8690,625,12345,184,0,25462,951,10340,7177,788,1526,3992,19067,18257,60,114,12248,68631,72,71,50,19,3664,663,4900,10262,105,10723,5093,69,30566,2630,8419
19 Apr 21,257003,31,5963,65,1367,7487,612,13834,121,0,23686,940,11403,6842,1695,1516,4290,15785,13644,175,117,12897,58924,54,110,45,13,4445,565,4622,11967,9,10941,4009,32,28211,2160,8426
20 Apr 21,294365,45,8987,61,1651,10455,602,15625,291,0,28395,1160,12206,7811,1340,2030,5080,21794,19577,250,53,12727,62097,94,137,91,82,4761,638,4656,12201,91,10986,5926,60,29574,3012,9819
21 Apr 21,315752,24,9716,73,1665,12222,622,14519,251,0,24638,1502,12553,9623,1692,2204,5041,23558,22414,183,191,13107,67468,92,192,90,97,4851,619,4953,14622,50,11681,6542,0,33106,4807,10784
22 Apr 21,332531,37,10759,110,1931,11489,634,16750,359,0,26169,1410,13105,9742,1774,1965,7595,25795,26995,198,145,12384,67013,86,180,73,53,6164,987,5450,14468,124,12652,5567,168,34254,3998,11948
23 Apr 21,345296,42,11766,134,2384,12672,828,17397,236,0,24331,1420,13804,11854,1189,1937,5741,26962,28447,152,134,13590,66836,104,143,62,89,6215,792,6728,15398,67,13776,6206,40,36605,4339,12876
24 Apr 21,348996,45,11698,116,2236,12359,711,16731,251,0,24103,1540,14097,10491,2073,2030,5152,29438,26685,148,157,12918,67160,130,155,63,114,6647,899,5663,15355,121,14842,7432,127,37944,5084,14281
25 Apr 21,354658,51,12634,61,1844,12795,749,12666,208,0,22933,2293,14296,10985,1363,2381,5903,34804,28469,120,164,13601,66191,140,208,105,180,6116,1008,6980,15809,148,15659,8126,100,35311,4368,15889
26 Apr 21,319471,51,9881,168,3137,11801,821,15084,138,0,20201,2321,14340,11504,1692,2135,5541,29744,21890,145,121,12686,48700,146,130,22,55,6599,747,6276,16438,23,15684,6551,98,33551,5058,15992
27 Apr 21,362913,48,11434,123,3132,12604,837,14893,217,0,24149,2110,14352,11931,2157,3164,6126,31830,32819,140,154,13417,66358,175,147,103,207,6073,1021,5916,16089,97,15830,10122,111,32921,5703,16403
28 Apr 21,379404,52,14669,165,3045,13374,772,15563,186,0,25986,3101,14120,12444,2539,3023,8075,39047,35013,116,103,12758,63309,259,159,228,124,8386,1258,6904,16613,151,16665,8061,124,29751,6054,17207
29 Apr 21,386773,59,14792,194,3079,13089,801,15804,216,0,24235,3019,14327,13947,3040,3474,5961,35024,38607,108,158,12762,66159,314,187,138,181,6998,1122,6724,17269,170,17897,7994,166,35104,6251,17403
30 Apr 21,402014,74,17354,163,3197,15853,724,14994,192,0,27047,3024,14605,13833,2358,3532,5961,48296,37199,103,105,12400,62919,271,229,140,226,8681,1195,6063,17155,205,18692,7646,141,34372,5654,17411
1 May 21,392576,97,19412,217,3453,13789,799,15902,212,0,25219,2303,13847,13588,2751,3832,6323,40990,35636,117,156,12379,63282,319,262,113,158,10413,1379,7017,17652,259,19588,7754,173,30180,5493,17512
2 May 21,370090,38,23920,102,2385,13534,860,11825,161,0,20394,2030,12978,13322,2453,3571,4738,37733,31959,140,87,12662,56647,256,321,152,216,8015,1360,7280,18298,230,20768,7430,247,30857,5606,17515
3 May 21,355769,66,18972,220,4489,11407,890,15274,119,0,18043,2703,12820,12885,2630,3733,6899,44438,26011,89,70,12062,48621,362,246,74,101,8914,799,6772,17296,27,20952,5695,134,29052,5403,17501
4 May 21,382847,31,20034,234,4475,14794,780,15785,192,0,19953,2814,13050,15786,3824,4650,5974,44631,37190,245,169,12236,51880,433,339,198,266,8216,1138,7514,16974,230,21228,6876,271,25770,7028,17639
5 May 21,412624,42,22204,220,4826,14836,817,15157,170,0,20960,3496,12955,15416,3842,4716,5770,50112,41953,251,127,12319,57640,397,269,238,287,9889,1819,7953,16815,221,23310,6361,240,31111,7783,18102
6 May 21,414280,32,21954,222,4936,15126,759,13846,163,0,19133,3869,12545,14840,3942,4926,6974,49058,42464,98,152,12421,62194,380,347,170,267,10521,1510,8841,17532,264,24898,6026,300,26622,8517,18431
7 May 21,406901,56,17188,168,5626,13466,890,13628,121,0,19832,4195,12064,13867,4177,5443,5973,48781,38460,114,101,11708,54022,600,297,183,309,12238,1746,8297,18231,268,26465,11451,315,27763,9642,19216
8 May 21,403808,30,20065,244,5756,12948,870,12239,137,0,17364,3751,11892,14667,5424,4788,6112,47563,41971,156,127,11598,56578,442,375,235,333,11807,1703,9042,17987,200,27397,5186,359,26636,8390,19436
9 May 21,366455,26,22164,119,3299,11259,895,9120,90,0,13336,2633,11084,13548,3093,5190,4169,47930,35801,138,125,11051,48401,579,418,168,237,10635,1633,8436,17921,227,28897,4976,351,23175,5890,19441
10 May 21,329491,31,14986,205,5803,10174,863,11867,63,0,12651,2804,11592,12718,4359,3614,6187,39305,27487,112,101,9715,37236,424,409,73,133,10031,1266,8549,16487,46,28978,4826,133,21277,5541,19445
11 May 21,348555,28,20345,205,6258,10920,787,9717,139,0,12481,3124,10990,11637,4977,4352,4365,39510,37290,135,105,9754,40956,592,450,172,269,9793,2049,8594,16080,241,29272,4801,466,20445,7120,20136
12 May 21,362632,44,21452,279,5657,9863,776,10150,104,0,13287,2865,11017,12490,4977,4509,4362,39998,43529,243,115,8970,46781,666,406,240,338,10982,2007,8271,16384,227,30355,4723,416,18023,7749,20377
13 May 21,343005,40,22399,256,5468,7752,760,9121,100,0,10489,2491,10742,12286,4937,4356,4991,35297,39955,109,193,8419,42582,560,591,141,366,10649,1942,8410,15867,231,30621,4693,480,17745,7127,20839
14 May 21,326256,32,22018,263,4078,7494,650,7594,54,0,8506,2455,9995,10608,3044,3027,3776,41779,34694,240,173,8087,39923,726,627,201,275,12390,1974,8035,14289,232,31892,4305,552,15647,5775,20846
15 May 21,310757,26,22517,249,5347,7336,660,7664,80,0,6430,1957,9061,9676,4145,3677,3157,41664,32680,177,82,7571,34848,730,560,122,304,11805,1598,6771,13565,215,33658,4298,449,12513,5654,19511
16 May 21,281837,35,24171,180,3650,6894,664,4888,87,0,6456,1314,8210,9115,2378,4141,2321,31531,29704,119,117,7106,34389,677,569,180,241,11732,1961,6950,10290,340,33181,3816,761,10505,4047,19117
17 May 21,263021,35,18561,304,6394,5920,620,6577,37,0,4524,1562,7135,7488,3546,3344,2507,38603,21402,130,219,5921,26616,330,634,150,273,10757,1446,6881,11597,70,33075,3961,335,9345,3719,19003
18 May 21,267246,36,21320,356,5835,6286,526,6477,43,0,4482,1358,6447,7774,2892,3967,2925,30309,31337,202,226,5412,28438,624,906,239,365,10321,1797,7066,8398,209,33059,3982,746,8673,4785,19428
19 May 21,276187,35,23160,337,6143,6059,414,5680,22,0,3846,1209,5246,6818,3396,3969,1894,34281,32762,134,254,5065,34031,582,872,184,244,11099,1759,6302,9849,266,34875,3837,879,7186,4492,19006
20 May 21,259242,49,22610,360,6573,5871,404,5212,40,0,3231,1582,4773,6457,2648,4169,2056,28869,30491,107,290,4952,29911,644,1183,192,326,11498,1957,5469,7680,249,35579,3660,720,6681,3658,19091
21 May 21,257299,31,20937,394,6066,5154,406,4943,27,0,3009,1625,4251,5643,2662,3848,2151,32218,29673,121,345,4384,29644,656,828,288,309,12523,1702,5253,6225,317,36184,3464,863,7682,3626,19847
22 May 21,240897,31,19981,314,5980,4375,392,4328,34,0,2260,1647,4205,5021,2341,3408,2037,31183,28514,131,317,3844,26133,757,1123,274,252,11108,1445,5297,6103,287,35873,3308,864,5964,2903,18863
23 May 21,222834,24,18767,226,3563,4002,360,3306,30,0,1649,1621,3794,4400,1309,3308,1345,25979,25820,130,193,3375,26672,767,803,214,223,12852,1448,5021,6521,324,35483,2242,876,4715,3050,18422
24 May 21,195857,9,12994,480,6221,2844,245,4209,16,0,1550,1401,3187,3757,1949,2237,1394,25311,17821,125,236,2936,22122,538,811,112,191,11059,922,4481,4414,101,34867,3043,426,3894,2071,17883
25 May 21,208992,25,15284,429,5767,3306,258,3506,34,0,1568,1549,3255,2817,1999,2964,1247,22758,29803,278,264,2422,24136,824,957,289,276,10939,1237,4756,3404,278,34285,3821,773,3723,2756,17005
26 May 21,211510,23,18285,374,5699,2603,224,2829,14,0,1491,1487,3085,3138,1365,3037,977,26811,28798,235,118,2182,24752,847,846,316,260,11623,1321,4004,3886,295,33764,3762,667,3176,2991,16225
27 May 21,186075,16,16167,444,5704,2568,200,2824,11,0,1072,1504,2869,2322,1472,2769,695,24214,24166,141,135,1977,21273,813,809,206,228,6736,1137,3854,3454,408,33361,3614,542,3178,2146,13046
28 May 21,174083,19,14429,497,5436,1785,161,2840,235,0,1141,1055,2521,2007,1523,2803,687,22823,22318,124,178,1854,20740,732,731,239,192,7216,1223,3706,2648,420,31079,3527,783,2276,1942,12193
29 May 21,165282,28,13756,461,5613,1491,163,2437,7,0,956,963,2230,1868,1262,2253,823,20628,23513,138,89,1640,20295,1007,613,277,156,7188,996,3036,2314,273,30016,2982,595,2014,1687,11514
30 May 21,153396,20,13400,172,3245,1475,182,1655,14,0,946,645,1871,1452,861,2256,703,20378,19894,49,297,1476,18600,1032,742,329,192,9541,930,2584,2298,264,28864,1801,854,1864,1226,11284
31 May 21,126883,21,7943,322,4348,1113,124,2163,63,0,648,602,1681,1246,865,1525,831,16604,12300,165,149,1205,15077,869,408,99,117,8313,627,2192,1498,146,27936,2524,394,1472,1156,10137
1 Jun 21,133152,13,11303,370,4682,1174,108,1886,31,0,623,903,1561,1233,921,1895,609,14304,19760,88,89,1078,14123,798,467,312,174,8735,979,2149,1002,309,26513,2493,841,1221,981,9424
2 Jun 21,134044,25,12768,376,4178,1158,134,1792,17,0,576,706,1333,1171,891,1718,532,16387,19661,91,169,991,15169,729,532,235,218,8399,867,2214,1276,250,25317,2384,571,1283,1003,8923
3 Jun 21,132424,27,11421,364,4309,1106,111,1619,27,0,487,572,1207,980,995,1801,1015,18324,18853,113,144,846,15229,621,552,225,168,8839,815,2144,1258,289,24405,2261,677,1220,589,8811
4 Jun 21,120454,18,10413,404,4548,991,88,1460,47,0,523,576,1120,895,787,1723,478,16068,16229,122,89,798,14152,791,584,205,147,7729,712,2005,1006,353,22651,2175,650,1112,892,7913
5 Jun 21,114488,17,10373,327,3781,1007,98,1356,14,0,414,567,996,723,818,1448,517,13800,17328,71,99,718,13659,717,497,236,309,7395,613,1878,942,253,21410,2070,708,1028,619,7682
6 Jun 21,101209,14,8976,223,2228,920,74,999,6,0,381,403,848,654,357,1440,293,12209,14672,50,70,735,12557,823,488,267,77,7002,640,1563,904,340,20421,1436,654,1037,446,7002
7 Jun 21,85804,12,4872,360,3804,762,48,1285,1,0,231,418,778,640,656,977,358,11958,9313,61,38,571,10219,598,438,112,145,6118,482,1269,629,59,19448,1933,235,694,395,5887
